DATE,NIFTY_500_CLOSE,52W_HIGH,52W_LOW,PCT_HIGH,ABOVE_200SMA,PCT_ABOVE_200SMA
2005-09-26,2245.39697265625,0,0,0.0,0,0.0
2005-09-27,2259.34716796875,190,40,88.0,0,0.0
2005-09-28,2280.34716796875,100,26,46.3,0,0.0
2005-09-29,2281.7470703125,92,45,42.6,0,0.0
2005-09-30,2273.9970703125,54,77,25.0,0,0.0
2005-10-03,2299.447021484375,74,19,34.3,0,0.0
2005-10-04,2327.746826171875,91,13,42.1,0,0.0
2005-10-05,2313.2470703125,52,14,24.1,0,0.0
2005-10-06,2270.047119140625,25,35,11.6,0,0.0
2005-10-07,2264.09716796875,25,35,11.6,0,0.0
2005-10-10,2253.59716796875,22,35,10.2,0,0.0
2005-10-11,2263.9970703125,13,50,6.0,0,0.0
2005-10-13,2226.2470703125,20,41,9.3,0,0.0
2005-10-14,2181.047119140625,11,93,5.1,0,0.0
2005-10-17,2172.59716796875,14,94,6.5,0,0.0
2005-10-18,2157.89697265625,10,67,4.6,0,0.0
2005-10-19,2105.647216796875,8,121,3.7,0,0.0
2005-10-20,2085.147216796875,14,120,6.5,0,0.0
2005-10-21,2119.447265625,11,83,5.1,0,0.0
2005-10-24,2092.04736328125,12,26,5.5,0,0.0
2005-10-25,2108.497314453125,7,26,3.2,0,0.0
2005-10-26,2098.197265625,7,24,3.2,0,0.0
2005-10-27,2052.04736328125,12,65,5.5,0,0.0
2005-10-28,2022.1473388671875,7,86,3.2,0,0.0
2005-10-31,2067.79736328125,11,52,5.1,0,0.0
2005-11-02,2106.397216796875,11,13,5.1,0,0.0
2005-11-07,2141.947021484375,11,11,5.1,0,0.0
2005-11-08,2172.9970703125,15,8,6.9,0,0.0
2005-11-09,2166.59716796875,21,10,9.7,0,0.0
2005-11-10,2177.2470703125,16,9,7.4,0,0.0
2005-11-11,2220.197021484375,28,7,12.9,0,0.0
2005-11-14,2227.14697265625,28,8,12.9,0,0.0
2005-11-16,2245.2470703125,25,8,11.5,0,0.0
2005-11-17,2259.547119140625,28,8,12.9,0,0.0
2005-11-18,2268.9970703125,36,8,16.6,0,0.0
2005-11-21,2255.2470703125,27,9,12.4,0,0.0
2005-11-22,2233.89697265625,20,8,9.2,0,0.0
2005-11-23,2255.4970703125,22,9,10.1,0,0.0
2005-11-24,2274.697021484375,35,8,16.1,0,0.0
2005-11-25,2300.697021484375,33,8,15.2,0,0.0
2005-11-28,2346.846923828125,66,7,30.4,0,0.0
2005-11-29,2336.796875,35,9,16.1,0,0.0
2005-11-30,2306.14697265625,35,10,16.1,0,0.0
2005-12-01,2342.296875,26,11,12.0,0,0.0
2005-12-02,2345.146728515625,39,7,18.0,0,0.0
2005-12-05,2319.697021484375,30,8,13.8,0,0.0
2005-12-06,2318.447021484375,29,10,13.4,0,0.0
2005-12-07,2339.746826171875,28,10,12.9,0,0.0
2005-12-08,2350.896728515625,33,10,15.2,0,0.0
2005-12-09,2385.846923828125,34,9,15.7,161,74.2
2005-12-12,2402.496826171875,49,8,22.6,161,74.2
2005-12-13,2427.896728515625,39,7,18.0,166,76.5
2005-12-14,2425.69677734375,48,8,22.0,170,78.0
2005-12-15,2401.19677734375,27,8,12.4,161,73.9
2005-12-16,2425.396728515625,15,8,6.9,167,76.6
2005-12-19,2452.646728515625,34,9,15.6,172,78.9
2005-12-20,2446.846923828125,30,9,13.8,170,78.0
2005-12-21,2445.496826171875,29,8,13.3,169,77.5
2005-12-22,2454.346923828125,25,9,11.5,168,77.1
2005-12-23,2426.096923828125,23,13,10.6,157,72.0
2005-12-26,2377.246826171875,14,18,6.4,136,62.4
2005-12-27,2424.646728515625,15,9,6.9,151,69.3
2005-12-28,2422.046875,18,7,8.3,154,70.6
2005-12-29,2440.296875,23,10,10.6,155,71.1
2005-12-30,2459.19677734375,31,7,14.2,165,75.7
2006-01-02,2464.246826171875,28,8,12.8,168,77.1
2006-01-03,2502.546875,43,7,19.7,180,82.6
2006-01-04,2522.546630859375,52,8,23.7,180,82.2
2006-01-05,2525.396484375,45,8,20.5,184,84.0
2006-01-06,2537.296630859375,34,9,15.5,184,84.0
2006-01-09,2540.396484375,46,7,21.0,187,85.4
2006-01-10,2512.046875,34,8,15.5,181,82.6
2006-01-12,2502.046875,24,8,11.0,179,81.7
2006-01-13,2502.746826171875,34,7,15.5,176,80.4
2006-01-16,2486.146728515625,17,11,7.8,168,76.7
2006-01-17,2473.646728515625,17,11,7.8,166,75.8
2006-01-18,2455.746826171875,16,13,7.3,160,73.1
2006-01-19,2506.296875,27,9,12.3,170,77.6
2006-01-20,2529.0966796875,33,9,15.1,169,77.2
2006-01-23,2517.74658203125,29,9,13.2,170,77.6
2006-01-24,2532.49658203125,30,9,13.7,168,76.7
2006-01-25,2548.5966796875,41,8,18.7,163,74.4
2006-01-27,2587.49658203125,51,10,23.2,173,78.6
2006-01-30,2570.146484375,38,12,17.3,167,75.9
2006-01-31,2585.946533203125,23,10,10.5,169,76.8
2006-02-01,2560.546630859375,33,17,15.0,163,74.1
2006-02-02,2559.546630859375,23,17,10.5,161,73.2
2006-02-03,2550.196533203125,26,16,11.8,158,71.8
2006-02-06,2588.646484375,29,12,13.2,165,75.0
2006-02-07,2605.3466796875,37,9,16.8,167,75.9
2006-02-08,2603.24658203125,26,13,11.8,164,74.5
2006-02-10,2621.396484375,37,7,16.8,170,77.3
2006-02-13,2634.5966796875,39,7,17.7,174,79.1
2006-02-14,2617.99658203125,40,7,18.2,172,78.2
2006-02-15,2624.8466796875,28,8,12.7,169,76.8
2006-02-16,2630.24658203125,32,9,14.5,169,76.8
2006-02-17,2593.546630859375,18,8,8.2,161,73.2
2006-02-20,2598.946533203125,11,11,5.0,161,73.2
2006-02-21,2620.646484375,15,11,6.8,165,75.0
2006-02-22,2635.8466796875,19,9,8.6,162,73.6
2006-02-23,2640.146484375,24,11,10.9,162,73.6
2006-02-24,2644.946533203125,17,9,7.7,167,75.9
2006-02-27,2660.696533203125,12,10,5.5,174,79.1
2006-02-28,2658.946533203125,21,10,9.5,169,76.8
2006-03-01,2698.5966796875,34,9,15.5,168,76.4
2006-03-02,2721.996337890625,50,7,22.7,170,77.3
2006-03-03,2724.246337890625,36,9,16.4,172,78.2
2006-03-06,2761.04638671875,45,9,20.5,174,79.1
2006-03-07,2767.1962890625,42,9,19.1,177,80.5
2006-03-08,2714.996337890625,45,7,20.5,170,77.3
2006-03-09,2726.746337890625,18,7,8.2,172,78.2
2006-03-10,2765.846435546875,33,9,15.0,171,77.7
2006-03-13,2779.996337890625,43,9,19.5,172,78.2
2006-03-14,2771.146240234375,32,7,14.5,168,76.0
2006-03-16,2789.346435546875,23,7,10.4,170,76.9
2006-03-17,2790.04638671875,29,9,13.1,166,74.8
2006-03-20,2812.496337890625,22,11,9.9,168,75.7
2006-03-21,2809.396240234375,36,10,16.2,166,74.8
2006-03-22,2789.29638671875,19,14,8.6,163,73.4
2006-03-23,2796.896240234375,19,11,8.5,167,74.9
2006-03-24,2821.54638671875,28,12,12.6,169,75.8
2006-03-27,2851.746337890625,35,9,15.7,170,76.2
2006-03-28,2844.146240234375,27,10,12.1,166,74.4
2006-03-29,2864.396240234375,26,9,11.7,169,75.8
2006-03-30,2901.14599609375,44,15,19.7,172,77.1
2006-03-31,2910.34619140625,44,10,19.7,178,79.8
2006-04-03,2974.09619140625,65,7,29.0,186,83.0
2006-04-04,2992.99609375,61,7,27.1,192,85.3
2006-04-05,3022.296142578125,65,6,28.9,197,87.6
2006-04-07,2977.49609375,76,7,33.8,190,84.4
2006-04-10,2994.296142578125,34,6,15.1,188,83.6
2006-04-12,2924.24609375,29,8,12.9,178,79.1
2006-04-13,2884.396240234375,14,9,6.2,170,75.6
2006-04-17,2943.89599609375,13,6,5.8,177,78.7
2006-04-18,3005.84619140625,23,7,10.2,184,81.8
2006-04-19,3017.64599609375,37,6,16.4,184,81.8
2006-04-20,3038.296142578125,33,6,14.7,184,81.8
2006-04-21,3034.74609375,28,6,12.4,180,80.0
2006-04-24,3024.89599609375,33,6,14.6,179,79.2
2006-04-25,2960.296142578125,18,7,7.9,169,74.4
2006-04-26,3032.196044921875,17,6,7.5,176,77.5
2006-04-27,3005.34619140625,30,7,13.2,175,77.1
2006-04-28,3014.09619140625,17,11,7.5,176,77.5
2006-05-02,3100.69580078125,49,6,21.6,186,81.9
2006-05-03,3124.19580078125,30,6,13.2,189,83.3
2006-05-04,3133.19580078125,32,6,14.1,188,82.8
2006-05-05,3143.095947265625,20,6,8.8,191,84.1
2006-05-08,3163.245849609375,35,6,15.4,192,84.6
2006-05-09,3178.7958984375,31,6,13.7,195,85.9
2006-05-10,3208.845947265625,39,7,17.2,197,86.8
2006-05-11,3168.645751953125,31,6,13.7,193,85.0
2006-05-12,3132.345947265625,23,6,10.1,190,83.7
2006-05-15,3007.796142578125,23,7,10.1,181,79.7
2006-05-16,3011.84619140625,12,7,5.3,176,77.5
2006-05-17,3099.7958984375,18,6,7.9,185,81.5
2006-05-18,2889.046142578125,14,11,6.2,155,68.3
2006-05-19,2767.746337890625,8,20,3.5,132,58.1
2006-05-22,2611.296630859375,8,53,3.5,109,48.0
2006-05-23,2712.346435546875,7,20,3.1,128,56.4
2006-05-24,2662.546630859375,7,7,3.1,126,55.5
2006-05-25,2684.5966796875,7,6,3.1,122,53.7
2006-05-26,2726.4462890625,7,6,3.1,133,58.6
2006-05-29,2737.54638671875,8,6,3.5,133,58.6
2006-05-30,2721.79638671875,7,7,3.1,134,59.0
2006-05-31,2635.24658203125,7,8,3.1,117,51.5
2006-06-01,2548.3466796875,7,9,3.1,101,44.5
2006-06-02,2615.74658203125,8,15,3.5,103,45.4
2006-06-05,2559.546630859375,7,10,3.1,92,40.5
2006-06-06,2486.746826171875,7,25,3.1,74,32.6
2006-06-07,2384.896728515625,7,48,3.1,47,20.7
2006-06-08,2248.797119140625,7,93,3.1,23,10.1
2006-06-09,2376.296875,7,41,3.1,50,22.0
2006-06-12,2310.797119140625,7,12,3.1,42,18.5
2006-06-13,2201.39697265625,7,40,3.1,22,9.7
2006-06-14,2163.947021484375,7,38,3.1,15,6.6
2006-06-15,2299.2470703125,7,11,3.1,31,13.7
2006-06-16,2386.246826171875,7,6,3.1,47,20.7
2006-06-19,2418.69677734375,7,6,3.1,56,24.7
2006-06-20,2388.846923828125,7,6,3.1,54,23.7
2006-06-21,2442.94677734375,7,6,3.1,62,27.2
2006-06-22,2503.496826171875,7,6,3.1,74,32.5
2006-06-23,2529.446533203125,7,7,3.1,73,32.0
2006-06-26,2441.19677734375,7,6,3.1,58,25.4
2006-06-27,2456.646728515625,7,8,3.1,62,27.2
2006-06-28,2452.846923828125,7,8,3.1,60,26.3
2006-06-29,2463.246826171875,7,7,3.1,61,26.8
2006-06-30,2562.49658203125,7,6,3.1,77,33.8
2006-07-03,2577.196533203125,7,8,3.1,78,34.2
2006-07-04,2574.0966796875,7,7,3.1,76,33.3
2006-07-05,2616.8466796875,7,6,3.1,78,34.2
2006-07-06,2591.796630859375,7,6,3.1,80,35.1
2006-07-07,2534.24658203125,7,6,3.1,73,32.0
2006-07-10,2573.896484375,7,6,3.1,81,35.5
2006-07-11,2559.8466796875,7,7,3.1,78,34.2
2006-07-12,2606.896484375,7,9,3.1,83,36.4
2006-07-13,2590.696533203125,9,6,3.9,85,37.3
2006-07-14,2560.146484375,7,7,3.1,75,32.9
2006-07-17,2471.346923828125,7,8,3.1,64,28.1
2006-07-18,2449.996826171875,7,12,3.1,65,28.5
2006-07-19,2392.396728515625,7,15,3.1,52,22.8
2006-07-20,2455.646728515625,7,8,3.1,62,27.2
2006-07-21,2391.846923828125,7,11,3.1,53,23.2
2006-07-24,2410.69677734375,7,17,3.1,51,22.4
2006-07-25,2462.296875,7,9,3.1,64,28.1
2006-07-26,2516.396484375,7,8,3.1,73,32.0
2006-07-27,2549.24658203125,7,7,3.1,77,33.8
2006-07-28,2545.5966796875,7,7,3.1,80,34.9
2006-07-31,2562.546630859375,7,7,3.1,85,37.1
2006-08-01,2559.646484375,7,6,3.1,84,36.7
2006-08-02,2592.696533203125,8,6,3.5,92,40.2
2006-08-03,2601.196533203125,8,7,3.5,91,39.6
2006-08-04,2588.3466796875,8,7,3.5,89,38.7
2006-08-07,2576.49658203125,8,7,3.5,91,39.6
2006-08-08,2620.3466796875,8,6,3.5,100,43.5
2006-08-09,2656.24658203125,7,7,3.0,109,47.4
2006-08-10,2674.0966796875,9,6,3.9,113,49.1
2006-08-11,2692.646484375,7,6,3.0,125,54.3
2006-08-14,2730.096435546875,7,6,3.0,130,56.5
2006-08-16,2768.246337890625,10,6,4.3,132,57.4
2006-08-17,2760.246337890625,9,6,3.9,130,56.5
2006-08-18,2767.396240234375,8,6,3.5,126,54.8
2006-08-21,2779.846435546875,8,6,3.5,130,56.3
2006-08-22,2775.746337890625,8,6,3.5,133,57.6
2006-08-23,2750.4462890625,8,7,3.5,130,56.3
2006-08-24,2776.04638671875,9,6,3.9,128,55.4
2006-08-25,2793.6962890625,8,6,3.5,132,57.1
2006-08-28,2806.846435546875,8,6,3.4,134,57.8
2006-08-29,2826.4462890625,10,6,4.3,134,57.8
2006-08-30,2825.896240234375,9,7,3.9,132,56.9
2006-08-31,2807.9462890625,8,6,3.4,127,54.7
2006-09-01,2828.29638671875,7,6,3.0,134,57.8
2006-09-04,2865.9462890625,11,7,4.7,138,59.5
2006-09-05,2871.896240234375,9,6,3.9,144,62.1
2006-09-06,2882.846435546875,8,6,3.4,146,62.9
2006-09-07,2866.29638671875,10,6,4.3,148,63.8
2006-09-08,2884.29638671875,10,6,4.3,153,65.9
2006-09-11,2794.79638671875,10,7,4.3,135,58.2
2006-09-12,2820.4462890625,9,7,3.9,140,60.3
2006-09-13,2878.096435546875,12,6,5.2,150,64.7
2006-09-14,2894.74609375,11,6,4.7,149,64.2
2006-09-15,2898.89599609375,8,7,3.4,149,64.2
2006-09-18,2911.59619140625,13,6,5.6,150,64.7
2006-09-19,2878.896240234375,11,6,4.7,143,61.6
2006-09-20,2910.196044921875,10,6,4.3,148,63.8
2006-09-21,2945.09619140625,14,6,6.0,155,66.8
2006-09-22,2934.64599609375,11,6,4.7,152,65.5
2006-09-25,2919.99609375,12,6,5.2,145,62.5
2006-09-26,2950.796142578125,11,6,4.7,149,63.9
2006-09-27,2963.39599609375,18,7,7.7,151,64.5
2006-09-28,2965.49609375,19,7,8.1,156,66.7
2006-09-29,2988.24609375,20,7,8.5,154,65.5
2006-10-03,2984.99609375,16,6,6.8,158,67.2
2006-10-04,2948.796142578125,13,6,5.5,153,65.1
2006-10-05,2993.34619140625,17,6,7.2,163,69.4
2006-10-06,3002.64599609375,18,6,7.7,166,70.6
2006-10-09,3003.74609375,23,7,9.8,169,71.9
2006-10-10,3007.546142578125,18,6,7.6,171,72.5
2006-10-11,2987.39599609375,15,7,6.4,168,71.2
2006-10-12,3032.59619140625,13,6,5.5,172,72.9
2006-10-13,3064.89599609375,16,6,6.8,175,74.2
2006-10-16,3090.245849609375,19,6,8.1,171,72.5
2006-10-17,3077.845947265625,14,7,5.9,167,70.8
2006-10-18,3076.0458984375,13,7,5.5,167,70.8
2006-10-19,3051.34619140625,16,6,6.8,164,69.5
2006-10-20,3057.046142578125,17,6,7.2,163,69.1
2006-10-23,3048.046142578125,17,6,7.2,164,69.5
2006-10-26,3064.446044921875,20,6,8.5,165,69.9
2006-10-27,3111.2958984375,26,6,11.0,169,71.6
2006-10-30,3130.645751953125,24,6,10.2,167,70.8
2006-10-31,3114.5458984375,21,6,8.9,164,69.5
2006-11-01,3130.44580078125,23,6,9.7,169,71.6
2006-11-02,3150.395751953125,25,6,10.6,171,72.5
2006-11-03,3161.395751953125,22,6,9.3,166,70.3
2006-11-06,3173.0458984375,23,7,9.7,168,71.2
2006-11-07,3167.0458984375,24,6,10.2,167,70.8
2006-11-08,3141.395751953125,14,6,5.9,162,68.6
2006-11-09,3156.19580078125,21,6,8.9,163,69.1
2006-11-10,3186.69580078125,24,6,10.2,164,69.5
2006-11-13,3215.395751953125,24,6,10.2,168,71.2
2006-11-14,3216.845947265625,30,6,12.7,171,72.5
2006-11-15,3225.645751953125,27,6,11.4,170,72.0
2006-11-16,3226.845947265625,29,6,12.3,168,71.2
2006-11-17,3200.595947265625,17,7,7.2,163,69.1
2006-11-20,3191.2958984375,11,7,4.7,157,66.5
2006-11-21,3244.645751953125,15,5,6.3,164,69.2
2006-11-22,3273.545654296875,25,5,10.5,164,69.2
2006-11-23,3277.345703125,22,5,9.3,161,67.9
2006-11-24,3290.99560546875,25,5,10.5,168,70.9
2006-11-27,3307.545654296875,30,5,12.7,170,71.7
2006-11-28,3267.195556640625,17,5,7.1,166,69.7
2006-11-29,3274.6455078125,19,6,8.0,169,71.0
2006-11-30,3280.445556640625,23,6,9.7,160,67.2
2006-12-01,3318.8955078125,22,7,9.2,170,71.4
2006-12-04,3331.6455078125,28,6,11.8,172,72.3
2006-12-05,3339.1455078125,24,5,10.1,170,71.4
2006-12-06,3325.99560546875,19,5,8.0,166,69.7
2006-12-07,3330.195556640625,18,5,7.6,168,70.6
2006-12-08,3295.595703125,17,5,7.1,165,69.3
2006-12-11,3195.245849609375,11,6,4.6,153,64.3
2006-12-12,3071.796142578125,7,8,2.9,135,56.7
2006-12-13,3128.69580078125,7,10,2.9,142,59.7
2006-12-14,3202.595947265625,11,5,4.6,153,64.3
2006-12-15,3235.44580078125,13,5,5.5,156,65.5
2006-12-18,3252.69580078125,11,9,4.6,149,62.6
2006-12-19,3179.995849609375,10,8,4.2,147,61.5
2006-12-20,3164.94580078125,11,7,4.6,147,61.3
2006-12-21,3176.745849609375,12,9,5.0,150,62.5
2006-12-22,3208.7958984375,14,7,5.8,152,63.3
2006-12-26,3261.3955078125,17,7,7.1,156,65.0
2006-12-27,3289.195556640625,14,6,5.8,159,66.2
2006-12-28,3288.545654296875,15,8,6.2,161,67.1
2006-12-29,3295.045654296875,18,7,7.5,165,68.8
2007-01-02,3323.095703125,23,5,9.6,171,71.2
2007-01-03,3342.695556640625,21,5,8.8,176,73.3
2007-01-04,3327.8955078125,24,5,10.0,179,74.3
2007-01-05,3325.295654296875,14,6,5.8,182,75.5
2007-01-08,3286.8955078125,9,5,3.7,177,73.4
2007-01-09,3264.095703125,12,6,5.0,174,72.2
2007-01-10,3214.595947265625,11,6,4.6,166,68.9
2007-01-11,3284.295654296875,13,6,5.4,176,73.0
2007-01-12,3362.095703125,23,6,9.5,183,75.9
2007-01-15,3385.195556640625,34,5,14.1,185,76.8
2007-01-16,3386.195556640625,27,5,11.2,183,75.9
2007-01-17,3396.445556640625,30,6,12.4,186,77.2
2007-01-18,3415.195556640625,26,5,10.8,190,78.8
2007-01-19,3397.595703125,19,5,7.9,188,78.0
2007-01-22,3405.845703125,20,5,8.3,185,76.8
2007-01-23,3368.49560546875,16,5,6.6,183,75.9
2007-01-24,3388.795654296875,18,7,7.5,179,74.3
2007-01-25,3431.595703125,23,10,9.5,182,75.5
2007-01-29,3424.49560546875,22,10,9.1,184,76.3
2007-01-31,3393.095703125,18,9,7.5,180,74.7
2007-02-01,3431.99560546875,15,8,6.2,183,75.9
2007-02-02,3462.145263671875,26,6,10.7,185,76.4
2007-02-05,3480.595458984375,23,6,9.5,187,77.3
2007-02-06,3474.095458984375,27,5,11.2,186,76.9
2007-02-07,3494.1953125,20,5,8.3,183,75.6
2007-02-08,3492.6953125,19,5,7.9,185,76.4
2007-02-09,3453.345458984375,13,5,5.4,180,74.4
2007-02-12,3338.445556640625,6,11,2.5,163,67.4
2007-02-13,3324.545654296875,6,9,2.5,161,66.5
2007-02-14,3322.74560546875,5,12,2.1,159,65.7
2007-02-15,3403.695556640625,15,5,6.2,173,71.2
2007-02-19,3414.6455078125,17,5,7.0,171,70.4
2007-02-20,3373.345703125,10,4,4.1,166,68.3
2007-02-21,3365.095703125,7,5,2.9,169,69.5
2007-02-22,3322.445556640625,11,8,4.5,160,65.6
2007-02-23,3241.745849609375,6,14,2.4,150,61.2
2007-02-26,3244.745849609375,8,15,3.3,157,64.1
2007-02-27,3223.7958984375,9,6,3.7,153,62.4
2007-02-28,3107.745849609375,7,19,2.9,139,56.7
2007-03-01,3147.495849609375,6,10,2.4,141,57.3
2007-03-02,3091.245849609375,7,6,2.8,134,54.3
2007-03-05,2957.84619140625,5,29,2.0,111,44.9
2007-03-06,3002.946044921875,5,18,2.0,113,45.7
2007-03-07,2968.446044921875,5,17,2.0,101,40.9
2007-03-08,3072.595947265625,5,18,2.0,117,47.4
2007-03-09,3048.14599609375,5,10,2.0,116,46.8
2007-03-12,3066.296142578125,5,7,2.0,117,47.2
2007-03-13,3102.7958984375,5,5,2.0,122,49.2
2007-03-14,3010.046142578125,5,8,2.0,113,45.6
2007-03-15,3019.296142578125,6,7,2.4,114,46.0
2007-03-16,2993.14599609375,5,7,2.0,111,44.6
2007-03-19,3042.34619140625,5,7,2.0,116,46.6
2007-03-20,3062.696044921875,7,7,2.8,118,47.2
2007-03-21,3102.5458984375,6,7,2.4,117,46.8
2007-03-22,3174.495849609375,8,6,3.2,127,50.8
2007-03-23,3168.645751953125,7,6,2.8,125,50.0
2007-03-26,3141.845947265625,7,7,2.8,123,49.2
2007-03-28,3095.595947265625,6,8,2.4,123,49.2
2007-03-29,3116.245849609375,7,7,2.8,123,49.2
2007-03-30,3145.345947265625,8,6,3.2,128,51.2
2007-04-02,3008.74609375,6,8,2.4,110,43.8
2007-04-03,3046.64599609375,6,8,2.4,112,44.6
2007-04-04,3082.645751953125,8,6,3.2,118,47.0
2007-04-05,3100.845947265625,8,4,3.2,117,46.6
2007-04-09,3172.5458984375,9,4,3.6,122,48.6
2007-04-10,3183.69580078125,12,4,4.8,125,49.8
2007-04-11,3195.44580078125,11,4,4.4,125,49.8
2007-04-12,3173.2958984375,11,5,4.4,121,48.2
2007-04-13,3233.895751953125,15,5,6.0,132,52.6
2007-04-16,3302.845703125,19,4,7.6,138,55.0
2007-04-17,3281.795654296875,15,4,6.0,137,54.6
2007-04-18,3305.045654296875,13,4,5.2,135,53.8
2007-04-19,3295.24560546875,12,5,4.8,134,53.4
2007-04-20,3353.595703125,14,4,5.6,141,56.2
2007-04-23,3352.6455078125,14,5,5.6,145,57.5
2007-04-24,3394.695556640625,14,5,5.6,149,59.1
2007-04-25,3416.49560546875,18,6,7.1,153,60.7
2007-04-26,3422.3955078125,22,4,8.7,158,62.7
2007-04-27,3363.49560546875,11,4,4.4,149,59.1
2007-04-30,3379.095703125,13,5,5.2,152,60.3
2007-05-03,3429.24560546875,21,5,8.3,164,65.1
2007-05-04,3410.3955078125,21,5,8.3,165,65.5
2007-05-07,3401.295654296875,14,4,5.6,159,63.1
2007-05-08,3370.695556640625,11,4,4.4,150,59.5
2007-05-09,3378.6455078125,10,5,4.0,155,61.3
2007-05-10,3369.24560546875,11,6,4.3,154,60.9
2007-05-11,3378.3955078125,12,7,4.7,156,61.7
2007-05-14,3424.045654296875,15,4,5.9,159,62.8
2007-05-15,3421.8955078125,17,6,6.7,164,64.8
2007-05-16,3466.095458984375,21,5,8.3,171,67.6
2007-05-17,3507.495361328125,27,4,10.7,170,67.2
2007-05-18,3503.54541015625,18,6,7.1,169,66.8
2007-05-21,3537.145263671875,20,5,7.9,171,67.6
2007-05-22,3550.1953125,27,6,10.7,166,65.6
2007-05-23,3523.995361328125,24,5,9.5,166,65.6
2007-05-24,3501.9453125,18,6,7.1,166,65.6
2007-05-25,3528.245361328125,19,5,7.5,166,65.6
2007-05-28,3545.845458984375,31,4,12.3,168,66.4
2007-05-29,3571.79541015625,26,5,10.3,174,68.8
2007-05-30,3533.745361328125,25,7,9.9,170,67.2
2007-05-31,3563.645263671875,24,5,9.5,167,66.0
2007-06-01,3575.145263671875,21,4,8.3,177,69.7
2007-06-04,3557.1953125,23,4,9.1,174,68.5
2007-06-05,3571.4453125,13,4,5.1,171,67.3
2007-06-06,3502.6953125,14,5,5.5,166,65.4
2007-06-07,3488.145263671875,12,8,4.7,160,63.0
2007-06-08,3457.395263671875,12,7,4.7,161,63.4
2007-06-11,3458.245361328125,17,6,6.7,159,62.6
2007-06-12,3453.895263671875,10,9,3.9,154,60.6
2007-06-13,3429.195556640625,7,7,2.8,156,61.4
2007-06-14,3482.645263671875,9,7,3.5,165,65.0
2007-06-15,3486.6953125,11,5,4.3,165,65.0
2007-06-18,3468.395263671875,16,6,6.3,160,63.0
2007-06-19,3519.79541015625,15,9,5.9,165,65.0
2007-06-20,3555.145263671875,23,4,9.1,171,67.3
2007-06-21,3575.745361328125,27,6,10.6,171,67.3
2007-06-22,3571.1953125,22,6,8.7,175,68.9
2007-06-25,3574.145263671875,17,7,6.7,174,68.5
2007-06-26,3593.845458984375,22,5,8.7,174,68.5
2007-06-27,3575.645263671875,24,7,9.4,175,68.9
2007-06-28,3585.9453125,19,5,7.5,176,69.3
2007-06-29,3625.745361328125,27,5,10.6,183,72.0
2007-07-02,3631.59521484375,30,4,11.8,184,72.4
2007-07-03,3666.59521484375,21,5,8.3,186,73.2
2007-07-04,3669.295166015625,24,4,9.4,191,75.2
2007-07-05,3652.39501953125,19,4,7.5,187,73.3
2007-07-06,3672.545166015625,22,4,8.6,189,74.1
2007-07-09,3703.64501953125,30,4,11.8,189,74.1
2007-07-10,3693.195068359375,27,5,10.6,185,72.5
2007-07-11,3690.945068359375,24,5,9.4,184,72.2
2007-07-12,3744.445068359375,37,4,14.5,197,77.3
2007-07-13,3780.7451171875,48,4,18.8,196,76.9
2007-07-16,3791.64501953125,36,5,14.1,196,76.9
2007-07-17,3775.945068359375,32,4,12.5,196,76.9
2007-07-18,3774.64501953125,19,5,7.5,196,76.9
2007-07-19,3816.2451171875,28,5,11.0,195,76.5
2007-07-20,3819.294921875,33,5,12.9,194,76.1
2007-07-23,3859.894775390625,31,7,12.2,194,76.1
2007-07-24,3856.144775390625,31,6,12.2,189,74.1
2007-07-25,3828.644775390625,17,6,6.7,186,72.9
2007-07-26,3848.94482421875,20,4,7.8,192,75.3
2007-07-27,3711.545166015625,7,6,2.7,173,67.8
2007-07-30,3710.34521484375,14,6,5.5,176,69.0
2007-07-31,3783.84521484375,15,5,5.9,183,71.8
2007-08-01,3628.845458984375,7,8,2.7,166,65.1
2007-08-02,3642.84521484375,10,7,3.9,167,65.5
2007-08-03,3688.39501953125,14,5,5.5,170,66.7
2007-08-06,3639.945068359375,9,7,3.5,164,64.3
2007-08-07,3660.545166015625,14,6,5.5,169,66.3
2007-08-08,3739.39501953125,14,4,5.5,178,69.8
2007-08-09,3684.09521484375,13,5,5.1,169,66.3
2007-08-10,3628.6953125,7,11,2.7,164,64.3
2007-08-13,3659.89501953125,13,4,5.1,169,66.3
2007-08-14,3660.89501953125,8,5,3.1,169,66.3
2007-08-16,3506.095458984375,5,7,2.0,151,59.2
2007-08-17,3447.395263671875,5,10,2.0,147,57.6
2007-08-20,3519.9453125,9,6,3.5,154,60.4
2007-08-21,3405.1455078125,7,7,2.7,136,53.1
2007-08-22,3450.79541015625,6,16,2.3,135,52.7
2007-08-23,3421.49560546875,6,9,2.3,132,51.6
2007-08-24,3478.9453125,4,9,1.6,132,51.6
2007-08-27,3575.845458984375,5,4,2.0,153,59.8
2007-08-28,3599.6953125,5,4,1.9,155,60.3
2007-08-29,3625.645263671875,7,5,2.7,154,59.9
2007-08-30,3656.7451171875,11,5,4.3,165,64.0
2007-08-31,3711.545166015625,10,4,3.9,168,65.1
2007-09-03,3746.2451171875,20,4,7.8,173,67.1
2007-09-04,3754.9951171875,22,4,8.5,172,66.7
2007-09-05,3755.09521484375,23,4,8.9,175,67.8
2007-09-06,3789.89501953125,18,4,7.0,177,68.6
2007-09-07,3782.7451171875,23,4,8.9,178,69.0
2007-09-10,3787.9951171875,23,5,8.9,176,68.2
2007-09-11,3787.9951171875,25,6,9.7,178,68.7
2007-09-12,3789.59521484375,20,5,7.7,174,67.2
2007-09-13,3822.744873046875,21,5,8.1,179,69.1
2007-09-14,3800.84521484375,25,5,9.7,175,67.6
2007-09-17,3793.2451171875,17,5,6.6,174,67.2
2007-09-18,3834.744873046875,16,6,6.2,174,67.2
2007-09-19,3963.644775390625,42,4,16.2,187,72.2
2007-09-20,3987.94482421875,38,6,14.7,188,72.6
2007-09-21,4036.49462890625,37,6,14.3,189,73.0
2007-09-24,4104.49462890625,44,4,17.0,189,73.0
2007-09-25,4111.04443359375,39,6,15.1,186,71.8
2007-09-26,4122.44482421875,39,5,15.1,193,74.5
2007-09-27,4150.14453125,31,5,12.0,194,74.9
2007-09-28,4188.54443359375,32,5,12.4,199,76.8
2007-10-01,4237.79443359375,40,7,15.4,199,76.8
2007-10-03,4327.494140625,56,6,21.6,198,76.4
2007-10-04,4335.244140625,36,4,13.9,193,74.5
2007-10-05,4301.744140625,32,6,12.3,192,73.8
2007-10-08,4195.24462890625,13,9,5.0,187,71.9
2007-10-09,4369.6943359375,9,9,3.5,190,73.1
2007-10-10,4454.5439453125,27,5,10.4,190,73.1
2007-10-11,4523.7939453125,33,7,12.7,190,73.1
2007-10-12,4451.39404296875,29,8,11.2,188,72.3
2007-10-15,4621.0439453125,38,6,14.6,193,74.2
2007-10-16,4634.0439453125,50,8,19.2,194,74.6
2007-10-17,4531.6943359375,16,21,6.2,188,72.3
2007-10-18,4372.84423828125,30,6,11.5,185,71.2
2007-10-19,4250.44482421875,5,8,1.9,177,68.1
2007-10-22,4238.3447265625,6,7,2.3,182,70.0
2007-10-23,4465.744140625,8,3,3.1,186,71.5
2007-10-24,4493.994140625,22,4,8.5,185,71.2
2007-10-25,4545.64404296875,26,4,10.0,191,73.5
2007-10-26,4650.1943359375,32,4,12.3,195,75.0
2007-10-29,4782.94384765625,56,3,21.5,201,77.3
2007-10-30,4770.8935546875,48,5,18.5,198,76.2
2007-10-31,4806.84375,39,6,15.0,197,75.8
2007-11-01,4757.84375,50,7,19.2,189,72.7
2007-11-02,4810.49365234375,21,9,8.1,186,71.5
2007-11-05,4775.3935546875,40,6,15.4,185,71.2
2007-11-06,4754.79345703125,40,8,15.4,188,72.3
2007-11-07,4747.44384765625,15,7,5.8,189,72.7
2007-11-08,4689.44384765625,14,8,5.4,186,71.5
2007-11-12,4639.39404296875,20,9,7.7,177,68.1
2007-11-13,4717.1435546875,29,8,11.2,179,68.8
2007-11-14,4902.44384765625,41,3,15.8,184,70.8
2007-11-15,4923.84375,49,3,18.8,192,73.8
2007-11-16,4939.09375,37,4,14.2,198,76.2
2007-11-19,4983.34375,53,3,20.4,209,80.4
2007-11-20,4883.1435546875,41,4,15.8,209,80.4
2007-11-21,4666.79345703125,14,6,5.4,200,76.9
2007-11-22,4620.744140625,6,7,2.3,200,76.9
2007-11-23,4705.04345703125,9,3,3.5,201,77.3
2007-11-26,4814.29345703125,17,3,6.5,203,78.1
2007-11-27,4805.29345703125,16,3,6.1,204,78.2
2007-11-28,4754.74365234375,14,4,5.4,202,77.4
2007-11-29,4741.04345703125,12,4,4.6,201,77.0
2007-11-30,4869.54345703125,20,4,7.7,209,80.1
2007-12-03,4969.94384765625,25,3,9.6,212,81.2
2007-12-04,5003.29345703125,40,3,15.3,217,83.1
2007-12-05,5081.193359375,40,3,15.3,222,85.1
2007-12-06,5081.54296875,50,3,19.2,221,84.7
2007-12-07,5095.64306640625,24,3,9.2,223,85.4
2007-12-10,5107.39306640625,30,3,11.5,223,85.4
2007-12-11,5192.54296875,34,3,13.0,226,86.6
2007-12-12,5263.79296875,34,3,13.0,232,88.9
2007-12-13,5217.14306640625,42,3,16.1,230,88.1
2007-12-14,5223.9931640625,31,3,11.9,233,89.3
2007-12-17,4980.84375,28,3,10.7,225,86.2
2007-12-18,4965.69384765625,9,3,3.4,222,85.1
2007-12-19,4969.1435546875,19,3,7.3,226,86.6
2007-12-20,4971.04345703125,12,4,4.6,222,85.1
2007-12-24,5126.39306640625,10,3,3.8,232,88.9
2007-12-26,5228.54296875,15,3,5.7,232,88.9
2007-12-27,5234.29296875,24,3,9.2,233,89.3
2007-12-28,5284.193359375,27,3,10.3,237,90.5
2007-12-31,5354.693359375,49,3,18.6,240,90.9
2008-01-01,5384.54296875,61,3,23.1,241,91.3
2008-01-02,5437.79248046875,60,3,22.7,242,91.7
2008-01-03,5442.19287109375,59,3,22.3,240,90.9
2008-01-04,5502.5927734375,47,3,17.8,241,91.3
2008-01-07,5500.142578125,39,3,14.8,238,90.2
2008-01-08,5460.29248046875,28,3,10.6,235,89.0
2008-01-09,5451.892578125,15,3,5.7,234,88.6
2008-01-10,5319.89306640625,14,3,5.3,225,85.2
2008-01-11,5348.193359375,9,6,3.4,223,84.5
2008-01-14,5385.2431640625,14,4,5.3,224,84.8
2008-01-15,5282.09326171875,13,6,4.9,220,83.3
2008-01-16,5164.943359375,6,8,2.3,217,82.2
2008-01-17,5151.14306640625,6,6,2.3,216,81.8
2008-01-18,4925.84375,7,12,2.7,203,76.9
2008-01-21,4425.5439453125,4,39,1.5,158,59.8
2008-01-22,4134.29443359375,4,68,1.5,113,42.8
2008-01-23,4416.994140625,5,8,1.9,147,55.7
2008-01-24,4267.0947265625,4,4,1.5,130,49.2
2008-01-25,4567.1943359375,4,3,1.5,156,59.1
2008-01-28,4497.494140625,4,4,1.5,153,58.0
2008-01-29,4491.244140625,4,3,1.5,153,58.0
2008-01-30,4385.59423828125,4,3,1.5,138,52.3
2008-01-31,4348.994140625,5,3,1.9,132,50.0
2008-02-01,4450.0439453125,4,3,1.5,145,54.7
2008-02-04,4588.39404296875,6,4,2.3,156,58.9
2008-02-05,4617.2939453125,5,3,1.9,166,62.6
2008-02-06,4503.39404296875,4,3,1.5,158,59.6
2008-02-07,4354.1943359375,4,3,1.5,142,53.6
2008-02-08,4313.9443359375,4,3,1.5,133,50.2
2008-02-11,4086.794677734375,4,6,1.5,103,38.7
2008-02-12,4054.39453125,4,11,1.5,100,37.6
2008-02-13,4111.64453125,4,6,1.5,103,38.7
2008-02-14,4343.5439453125,5,4,1.9,122,45.9
2008-02-15,4432.59423828125,6,3,2.3,129,48.5
2008-02-18,4421.2939453125,4,3,1.5,126,47.4
2008-02-19,4428.6943359375,5,3,1.9,128,48.1
2008-02-20,4326.34423828125,4,5,1.5,121,45.5
2008-02-21,4357.34423828125,4,3,1.5,127,47.7
2008-02-22,4295.34423828125,4,3,1.5,121,45.5
2008-02-25,4346.84423828125,4,5,1.5,121,45.3
2008-02-26,4406.0439453125,4,4,1.5,130,48.7
2008-02-27,4407.9443359375,5,4,1.9,128,47.9
2008-02-28,4404.34423828125,6,4,2.2,128,47.9
2008-02-29,4360.6943359375,4,5,1.5,130,48.7
2008-03-03,4138.94482421875,5,9,1.9,106,39.6
2008-03-04,4045.294677734375,5,13,1.9,96,35.8
2008-03-05,4065.64453125,5,13,1.9,88,32.8
2008-03-07,3922.494873046875,5,21,1.9,74,27.6
2008-03-10,3927.894775390625,5,31,1.9,68,25.4
2008-03-11,4024.39453125,4,6,1.5,80,29.9
2008-03-12,4010.14453125,6,5,2.2,84,31.2
2008-03-13,3785.09521484375,6,12,2.2,58,21.6
2008-03-14,3868.644775390625,4,15,1.5,62,23.0
2008-03-17,3642.34521484375,4,40,1.5,38,14.1
2008-03-18,3642.795166015625,4,44,1.5,36,13.4
2008-03-19,3657.795166015625,5,25,1.9,37,13.8
2008-03-24,3656.445068359375,4,49,1.5,34,12.6
2008-03-25,3879.744873046875,5,8,1.9,41,15.2
2008-03-26,3867.244873046875,5,6,1.9,45,16.7
2008-03-27,3862.244873046875,5,6,1.9,43,16.0
2008-03-28,3971.144775390625,4,3,1.5,61,22.7
2008-03-31,3825.844970703125,5,4,1.9,50,18.6
2008-04-01,3817.44482421875,4,2,1.5,50,18.6
2008-04-02,3835.494873046875,4,2,1.5,52,19.3
2008-04-03,3840.294921875,4,2,1.5,54,20.1
2008-04-04,3747.945068359375,5,3,1.9,48,17.8
2008-04-07,3830.494873046875,5,3,1.9,52,19.3
2008-04-08,3807.09521484375,4,4,1.5,56,20.8
2008-04-09,3844.394775390625,5,3,1.9,59,21.9
2008-04-10,3830.744873046875,5,2,1.9,59,21.9
2008-04-11,3861.69482421875,5,3,1.9,63,23.4
2008-04-15,3937.994873046875,5,3,1.9,61,22.7
2008-04-16,3959.744873046875,5,3,1.9,64,23.8
2008-04-17,4027.89453125,4,2,1.5,74,27.5
2008-04-21,4099.74462890625,4,4,1.5,81,30.0
2008-04-22,4120.8447265625,6,3,2.2,82,30.4
2008-04-23,4105.24462890625,6,2,2.2,87,32.2
2008-04-24,4083.5947265625,4,2,1.5,86,31.9
2008-04-25,4162.54443359375,6,2,2.2,87,32.2
2008-04-28,4156.89453125,8,4,3.0,90,33.3
2008-04-29,4233.24462890625,9,2,3.3,101,37.4
2008-04-30,4222.0947265625,8,2,3.0,102,37.8
2008-05-02,4280.39453125,9,3,3.3,107,39.6
2008-05-05,4267.8447265625,6,2,2.2,108,40.0
2008-05-06,4217.49462890625,5,2,1.9,104,38.5
2008-05-07,4198.5947265625,6,2,2.2,94,34.8
2008-05-08,4152.29443359375,5,4,1.9,96,35.6
2008-05-09,4064.0947265625,6,5,2.2,84,31.1
2008-05-12,4066.294677734375,5,7,1.9,82,30.4
2008-05-13,4041.49462890625,5,3,1.9,82,30.4
2008-05-14,4081.294677734375,4,6,1.5,86,31.9
2008-05-15,4159.29443359375,4,3,1.5,92,34.1
2008-05-16,4198.0947265625,4,2,1.5,97,35.9
2008-05-20,4158.89453125,4,2,1.5,99,36.7
2008-05-21,4174.5947265625,5,3,1.9,98,36.3
2008-05-22,4099.8447265625,4,4,1.5,93,34.4
2008-05-23,4037.3447265625,4,4,1.5,85,31.5
2008-05-26,3962.494873046875,4,10,1.5,80,29.6
2008-05-27,3944.19482421875,5,11,1.9,71,26.3
2008-05-28,3991.494873046875,5,7,1.9,75,27.8
2008-05-29,3939.394775390625,7,9,2.6,75,27.8
2008-05-30,3959.644775390625,5,7,1.9,74,27.4
2008-06-02,3853.544921875,5,10,1.9,63,23.3
2008-06-03,3831.644775390625,4,17,1.5,66,24.4
2008-06-04,3719.39501953125,4,16,1.5,56,20.7
2008-06-05,3774.59521484375,4,17,1.5,59,21.9
2008-06-06,3730.4951171875,4,7,1.5,56,20.7
2008-06-09,3611.79541015625,4,39,1.5,49,18.1
2008-06-10,3570.595458984375,4,19,1.5,47,17.4
2008-06-11,3632.34521484375,4,11,1.5,48,17.8
2008-06-12,3645.59521484375,4,19,1.5,52,19.3
2008-06-13,3634.795166015625,5,9,1.9,52,19.3
2008-06-16,3679.7451171875,6,6,2.2,54,20.0
2008-06-17,3753.545166015625,4,4,1.5,60,22.2
2008-06-18,3701.195068359375,4,6,1.5,55,20.4
2008-06-19,3633.445068359375,4,4,1.5,49,18.1
2008-06-20,3510.9453125,4,17,1.5,44,16.3
2008-06-23,3416.595703125,4,41,1.5,30,11.1
2008-06-24,3359.045654296875,4,47,1.5,26,9.6
2008-06-25,3401.045654296875,4,66,1.5,29,10.7
2008-06-26,3430.99560546875,4,16,1.5,31,11.5
2008-06-27,3293.6455078125,4,51,1.5,29,10.7
2008-06-30,3203.345947265625,4,71,1.5,25,9.3
2008-07-01,3075.7958984375,3,96,1.1,17,6.3
2008-07-02,3224.995849609375,3,93,1.1,16,5.9
2008-07-03,3098.69580078125,3,37,1.1,17,6.3
2008-07-04,3178.145751953125,4,24,1.5,19,7.0
2008-07-07,3207.7958984375,4,6,1.5,22,8.1
2008-07-08,3185.995849609375,4,14,1.5,21,7.8
2008-07-09,3321.3955078125,4,5,1.5,24,8.9
2008-07-10,3323.6455078125,3,5,1.1,24,8.9
2008-07-11,3232.19580078125,3,6,1.1,21,7.8
2008-07-14,3222.7958984375,3,8,1.1,22,8.1
2008-07-15,3085.495849609375,3,22,1.1,16,5.9
2008-07-16,3049.84619140625,3,29,1.1,14,5.2
2008-07-17,3146.145751953125,3,14,1.1,18,6.7
2008-07-18,3248.0458984375,4,11,1.5,19,7.0
2008-07-21,3289.795654296875,5,7,1.9,19,7.0
2008-07-22,3355.8955078125,5,4,1.9,21,7.8
2008-07-23,3550.79541015625,6,4,2.2,27,10.0
2008-07-24,3524.495361328125,4,4,1.5,29,10.7
2008-07-25,3452.4453125,3,4,1.1,28,10.4
2008-07-28,3469.395263671875,4,3,1.5,29,10.7
2008-07-29,3350.445556640625,4,5,1.5,26,9.6
2008-07-30,3449.745361328125,3,4,1.1,30,11.1
2008-07-31,3456.6953125,3,4,1.1,35,12.9
2008-08-01,3524.245361328125,3,4,1.1,35,12.9
2008-08-04,3531.145263671875,4,2,1.5,39,14.4
2008-08-05,3615.895263671875,4,2,1.5,41,15.1
2008-08-06,3618.595458984375,4,2,1.5,38,14.0
2008-08-07,3625.6953125,4,2,1.5,39,14.4
2008-08-08,3634.9951171875,3,2,1.1,45,16.6
2008-08-11,3707.795166015625,3,2,1.1,52,19.2
2008-08-12,3656.09521484375,3,2,1.1,50,18.5
2008-08-13,3637.695068359375,4,2,1.5,49,18.1
2008-08-14,3551.29541015625,3,2,1.1,45,16.6
2008-08-18,3519.29541015625,3,4,1.1,42,15.5
2008-08-19,3500.745361328125,3,3,1.1,42,15.5
2008-08-20,3536.895263671875,3,2,1.1,45,16.6
2008-08-21,3433.99560546875,5,2,1.8,40,14.8
2008-08-22,3459.745361328125,4,6,1.5,43,15.9
2008-08-25,3467.395263671875,4,5,1.5,42,15.5
2008-08-26,3468.895263671875,3,4,1.1,43,15.9
2008-08-27,3435.24560546875,4,4,1.5,44,16.2
2008-08-28,3376.795654296875,4,6,1.5,43,15.9
2008-08-29,3489.04541015625,3,4,1.1,45,16.6
2008-09-01,3481.54541015625,3,3,1.1,46,17.0
2008-09-02,3599.6953125,4,2,1.5,50,18.5
2008-09-04,3562.6953125,4,2,1.5,51,18.8
2008-09-05,3489.345458984375,3,3,1.1,46,17.0
2008-09-08,3575.04541015625,7,2,2.6,50,18.5
2008-09-09,3560.495361328125,3,3,1.1,45,16.6
2008-09-10,3507.395263671875,5,2,1.8,47,17.3
2008-09-11,3433.095703125,4,5,1.5,42,15.5
2008-09-12,3377.8955078125,4,6,1.5,40,14.8
2008-09-15,3243.595947265625,3,22,1.1,27,10.0
2008-09-16,3229.095947265625,3,27,1.1,26,9.6
2008-09-17,3168.995849609375,4,14,1.5,24,8.9
2008-09-18,3169.745849609375,3,53,1.1,23,8.5
2008-09-19,3314.345703125,3,4,1.1,30,11.1
2008-09-22,3301.1455078125,3,6,1.1,29,10.7
2008-09-23,3233.995849609375,3,8,1.1,26,9.6
2008-09-24,3255.94580078125,3,11,1.1,24,8.9
2008-09-25,3221.69580078125,4,16,1.5,23,8.5
2008-09-26,3123.745849609375,4,31,1.5,22,8.1
2008-09-29,3007.89599609375,4,71,1.5,20,7.4
2008-09-30,3058.59619140625,4,102,1.5,23,8.5
2008-10-01,3082.7958984375,4,12,1.5,22,8.1
2008-10-03,2984.296142578125,4,15,1.5,19,7.0
2008-10-06,2809.346435546875,3,82,1.1,14,5.2
2008-10-07,2790.896240234375,3,99,1.1,14,5.2
2008-10-08,2693.896484375,3,162,1.1,10,3.7
2008-10-10,2507.546875,3,180,1.1,6,2.2
2008-10-13,2654.3466796875,3,30,1.1,10,3.7
2008-10-14,2685.046630859375,4,10,1.5,15,5.5
2008-10-15,2553.296630859375,3,43,1.1,11,4.0
2008-10-16,2514.696533203125,3,121,1.1,10,3.7
2008-10-17,2386.44677734375,3,53,1.1,8,2.9
2008-10-20,2409.896728515625,3,70,1.1,10,3.7
2008-10-21,2491.44677734375,3,26,1.1,10,3.7
2008-10-22,2378.19677734375,3,51,1.1,9,3.3
2008-10-23,2285.39697265625,3,105,1.1,8,2.9
2008-10-24,2035.247314453125,3,167,1.1,4,1.5
2008-10-27,1973.6973876953125,3,219,1.1,3,1.1
2008-10-29,2098.497314453125,3,30,1.1,6,2.2
2008-10-31,2225.697021484375,3,18,1.1,7,2.6
2008-11-03,2340.996826171875,3,8,1.1,8,2.9
2008-11-04,2421.246826171875,3,5,1.1,9,3.3
2008-11-05,2329.846923828125,3,5,1.1,8,2.9
2008-11-06,2257.047119140625,3,8,1.1,7,2.6
2008-11-07,2312.2470703125,3,10,1.1,10,3.7
2008-11-10,2438.096923828125,3,4,1.1,11,4.0
2008-11-11,2302.39697265625,3,3,1.1,8,2.9
2008-11-12,2239.297119140625,3,11,1.1,8,2.9
2008-11-14,2203.547119140625,3,9,1.1,9,3.3
2008-11-17,2176.297119140625,3,29,1.1,9,3.3
2008-11-18,2094.247314453125,3,38,1.1,8,2.9
2008-11-19,2055.197265625,4,28,1.5,6,2.2
2008-11-20,1988.4473876953125,3,58,1.1,7,2.6
2008-11-21,2067.197265625,3,52,1.1,6,2.2
2008-11-24,2075.04736328125,3,38,1.1,7,2.6
2008-11-25,2040.3973388671875,3,32,1.1,7,2.6
2008-11-26,2090.747314453125,3,48,1.1,9,3.3
2008-11-28,2093.097412109375,3,57,1.1,10,3.7
2008-12-01,2048.397216796875,3,26,1.1,8,2.9
2008-12-02,2029.3973388671875,3,62,1.1,9,3.3
2008-12-03,2040.5972900390625,3,23,1.1,10,3.7
2008-12-04,2132.647216796875,3,13,1.1,11,4.0
2008-12-05,2083.097412109375,3,13,1.1,10,3.7
2008-12-08,2121.647216796875,3,9,1.1,9,3.3
2008-12-10,2214.59716796875,3,6,1.1,10,3.7
2008-12-11,2222.34716796875,3,8,1.1,10,3.7
2008-12-12,2230.2470703125,3,8,1.1,13,4.8
2008-12-15,2282.34716796875,3,5,1.1,12,4.4
2008-12-16,2336.846923828125,3,1,1.1,14,5.1
2008-12-17,2268.39697265625,3,2,1.1,15,5.5
2008-12-18,2347.346923828125,3,3,1.1,18,6.6
2008-12-19,2370.346923828125,4,2,1.5,21,7.7
2008-12-22,2343.296875,3,1,1.1,20,7.4
2008-12-23,2286.09716796875,3,2,1.1,19,7.0
2008-12-24,2255.09716796875,3,9,1.1,20,7.4
2008-12-26,2212.4970703125,3,6,1.1,18,6.6
2008-12-29,2258.84716796875,4,8,1.5,18,6.6
2008-12-30,2304.39697265625,3,2,1.1,22,8.1
2008-12-31,2295.7470703125,3,2,1.1,24,8.8
2009-01-02,2380.396728515625,3,1,1.1,31,11.4
2009-01-05,2433.496826171875,3,1,1.1,30,11.0
2009-01-06,2431.246826171875,3,1,1.1,29,10.7
2009-01-07,2271.39697265625,3,5,1.1,22,8.1
2009-01-09,2225.447021484375,4,14,1.5,24,8.8
2009-01-12,2160.2470703125,3,8,1.1,18,6.6
2009-01-13,2136.597412109375,3,9,1.1,19,7.0
2009-01-14,2200.64697265625,3,8,1.1,20,7.4
2009-01-15,2133.29736328125,3,13,1.1,19,7.0
2009-01-16,2189.447021484375,3,9,1.1,19,7.0
2009-01-19,2204.297119140625,3,4,1.1,20,7.4
2009-01-20,2173.34716796875,3,6,1.1,20,7.4
2009-01-21,2110.847412109375,3,8,1.1,19,7.0
2009-01-22,2105.397216796875,3,23,1.1,19,7.0
2009-01-23,2072.847412109375,3,33,1.1,15,5.5
2009-01-27,2129.447265625,3,24,1.1,18,6.6
2009-01-28,2188.34716796875,3,12,1.1,18,6.6
2009-01-29,2171.89697265625,3,7,1.1,20,7.4
2009-01-30,2209.047119140625,3,8,1.1,18,6.6
2009-02-02,2138.79736328125,3,11,1.1,16,5.9
2009-02-03,2142.59716796875,3,12,1.1,17,6.2
2009-02-04,2153.2470703125,3,11,1.1,17,6.2
2009-02-05,2136.54736328125,4,13,1.5,18,6.6
2009-02-06,2180.697021484375,3,4,1.1,19,7.0
2009-02-09,2237.2470703125,3,6,1.1,18,6.6
2009-02-10,2248.89697265625,4,4,1.5,19,7.0
2009-02-11,2244.2470703125,3,8,1.1,19,7.0
2009-02-12,2225.797119140625,3,3,1.1,20,7.4
2009-02-13,2264.297119140625,3,3,1.1,24,8.8
2009-02-16,2193.297119140625,3,6,1.1,19,7.0
2009-02-17,2137.347412109375,3,10,1.1,16,5.9
2009-02-18,2138.847412109375,5,18,1.8,19,7.0
2009-02-19,2145.84716796875,4,10,1.5,19,7.0
2009-02-20,2106.097412109375,3,22,1.1,18,6.6
2009-02-24,2095.897216796875,3,38,1.1,18,6.6
2009-02-25,2113.097412109375,3,16,1.1,17,6.2
2009-02-26,2122.397216796875,3,29,1.1,18,6.6
2009-02-27,2112.847412109375,3,22,1.1,18,6.6
2009-03-02,2052.897216796875,4,40,1.5,18,6.6
2009-03-03,2016.29736328125,3,43,1.1,17,6.2
2009-03-04,2027.3973388671875,3,40,1.1,16,5.9
2009-03-05,1981.1973876953125,3,52,1.1,16,5.9
2009-03-06,2002.3973388671875,3,58,1.1,17,6.2
2009-03-09,1966.847412109375,3,44,1.1,18,6.6
2009-03-12,1994.3974609375,3,26,1.1,17,6.2
2009-03-13,2064.597412109375,3,11,1.1,20,7.4
2009-03-16,2114.79736328125,3,6,1.1,22,8.1
2009-03-17,2104.04736328125,3,2,1.1,21,7.7
2009-03-18,2134.897216796875,4,2,1.5,21,7.7
2009-03-19,2145.2470703125,4,4,1.5,21,7.7
2009-03-20,2139.697265625,3,2,1.1,21,7.7
2009-03-23,2230.547119140625,4,1,1.5,26,9.6
2009-03-24,2224.2470703125,4,3,1.5,25,9.2
2009-03-25,2255.59716796875,3,4,1.1,27,9.9
2009-03-26,2314.197021484375,5,2,1.8,33,12.1
2009-03-27,2343.69677734375,4,1,1.5,34,12.5
2009-03-30,2259.4970703125,3,3,1.1,33,12.1
2009-03-31,2294.84716796875,4,2,1.5,39,14.3
2009-04-01,2324.7470703125,3,2,1.1,42,15.4
2009-04-02,2429.046875,3,2,1.1,50,18.4
2009-04-06,2473.296875,4,1,1.5,58,21.3
2009-04-08,2537.546630859375,4,1,1.5,68,25.0
2009-04-09,2545.946533203125,5,2,1.8,76,27.9
2009-04-13,2598.946533203125,5,1,1.8,90,33.1
2009-04-15,2691.296630859375,5,1,1.8,111,40.8
2009-04-16,2593.896484375,5,1,1.8,88,32.4
2009-04-17,2612.5966796875,5,1,1.8,98,36.0
2009-04-20,2621.696533203125,4,1,1.5,103,37.9
2009-04-21,2612.646484375,5,1,1.8,106,39.0
2009-04-22,2584.896484375,5,1,1.8,104,38.2
2009-04-23,2645.99658203125,4,1,1.5,112,41.2
2009-04-24,2689.946533203125,5,1,1.8,119,43.8
2009-04-27,2674.74658203125,5,1,1.8,120,44.1
2009-04-28,2588.396484375,7,1,2.6,100,36.8
2009-04-29,2662.946533203125,7,1,2.6,112,41.2
2009-05-04,2788.04638671875,6,1,2.2,135,49.6
2009-05-05,2808.646240234375,6,1,2.2,140,51.5
2009-05-06,2778.29638671875,6,1,2.2,139,51.1
2009-05-07,2831.54638671875,6,1,2.2,154,56.6
2009-05-08,2795.9462890625,5,1,1.8,161,59.2
2009-05-11,2748.646240234375,3,1,1.1,142,52.2
2009-05-12,2825.496337890625,7,1,2.6,146,53.7
2009-05-13,2799.04638671875,7,1,2.6,149,54.8
2009-05-14,2786.04638671875,4,1,1.5,157,57.7
2009-05-15,2833.646240234375,7,1,2.6,164,60.3
2009-05-18,3293.345703125,29,1,10.7,203,74.6
2009-05-19,3309.045654296875,30,1,11.0,227,83.5
2009-05-20,3341.6455078125,17,1,6.2,237,87.1
2009-05-21,3327.6455078125,20,1,7.4,249,91.5
2009-05-22,3355.045654296875,12,1,4.4,250,91.9
2009-05-25,3401.695556640625,15,1,5.5,253,93.0
2009-05-26,3309.695556640625,15,1,5.5,250,91.9
2009-05-27,3442.295654296875,9,1,3.3,253,93.0
2009-05-28,3487.6953125,15,1,5.5,255,93.8
2009-05-29,3579.895263671875,18,1,6.6,256,94.1
2009-06-01,3654.195068359375,33,1,12.1,260,95.6
2009-06-02,3641.4951171875,20,1,7.4,260,95.6
2009-06-03,3656.4951171875,19,1,7.0,261,96.0
2009-06-04,3708.09521484375,25,1,9.2,265,97.4
2009-06-05,3710.4951171875,39,1,14.3,265,97.4
2009-06-08,3562.6953125,15,1,5.5,264,97.1
2009-06-09,3661.2451171875,7,1,2.6,265,97.4
2009-06-10,3732.795166015625,22,1,8.1,265,97.4
2009-06-11,3711.09521484375,13,1,4.8,265,97.4
2009-06-12,3664.89501953125,13,1,4.8,265,97.4
2009-06-15,3594.245361328125,10,1,3.7,262,96.3
2009-06-16,3639.39501953125,9,1,3.3,264,97.1
2009-06-17,3504.29541015625,13,1,4.8,259,95.2
2009-06-18,3412.445556640625,4,1,1.5,255,93.8
2009-06-19,3458.845458984375,8,1,2.9,257,94.5
2009-06-22,3408.095703125,8,1,2.9,258,94.9
2009-06-23,3420.445556640625,4,1,1.5,257,94.5
2009-06-24,3467.095458984375,7,1,2.6,258,94.9
2009-06-25,3433.1455078125,12,1,4.4,261,96.0
2009-06-26,3521.845458984375,16,1,5.9,259,95.2
2009-06-29,3555.29541015625,23,1,8.5,263,96.7
2009-06-30,3469.6953125,14,1,5.1,261,96.0
2009-07-01,3503.645263671875,9,1,3.3,262,96.3
2009-07-02,3526.6953125,10,1,3.7,263,96.7
2009-07-03,3568.04541015625,10,1,3.7,262,96.3
2009-07-06,3374.1455078125,10,1,3.7,257,94.5
2009-07-07,3382.795654296875,10,1,3.7,258,94.9
2009-07-08,3295.095703125,5,1,1.8,257,94.5
2009-07-09,3306.045654296875,9,1,3.3,259,95.2
2009-07-10,3244.895751953125,6,1,2.2,258,94.9
2009-07-13,3198.495849609375,5,1,1.8,248,91.2
2009-07-14,3313.095703125,6,1,2.2,256,94.1
2009-07-15,3435.695556640625,13,1,4.8,261,96.0
2009-07-16,3442.545654296875,17,1,6.2,263,96.7
2009-07-17,3542.1953125,17,1,6.2,265,97.4
2009-07-20,3630.945068359375,31,1,11.4,266,97.8
2009-07-21,3602.9453125,22,1,8.1,268,98.5
2009-07-22,3564.995361328125,18,1,6.6,266,97.8
2009-07-23,3646.2451171875,19,1,7.0,268,98.5
2009-07-24,3689.64501953125,33,1,12.1,268,98.5
2009-07-27,3707.9951171875,41,1,15.1,269,98.9
2009-07-28,3726.14501953125,32,1,11.8,269,98.9
2009-07-29,3685.64501953125,23,1,8.5,269,98.9
2009-07-30,3721.34521484375,28,1,10.3,268,98.5
2009-07-31,3764.09521484375,37,1,13.6,269,98.9
2009-08-03,3823.794921875,34,1,12.5,268,98.5
2009-08-04,3806.195068359375,42,1,15.4,267,98.2
2009-08-05,3827.294921875,19,1,7.0,268,98.5
2009-08-06,3742.545166015625,20,1,7.4,268,98.5
2009-08-07,3663.59521484375,6,1,2.2,268,98.5
2009-08-10,3624.995361328125,16,1,5.9,267,98.2
2009-08-11,3647.7451171875,11,1,4.0,266,97.8
2009-08-12,3640.9951171875,13,1,4.8,267,98.2
2009-08-13,3758.14501953125,16,1,5.9,269,98.9
2009-08-14,3749.59521484375,15,1,5.5,268,98.5
2009-08-17,3606.245361328125,9,1,3.3,267,98.2
2009-08-18,3665.7451171875,8,1,2.9,267,98.2
2009-08-19,3607.04541015625,11,1,4.0,266,97.8
2009-08-20,3650.89501953125,10,1,3.7,266,97.4
2009-08-21,3701.045166015625,12,2,4.4,267,97.8
2009-08-24,3779.545166015625,21,1,7.7,268,98.2
2009-08-25,3794.4951171875,25,1,9.2,268,98.2
2009-08-26,3820.744873046875,36,1,13.2,268,98.2
2009-08-27,3831.894775390625,26,1,9.5,269,98.5
2009-08-28,3864.394775390625,18,1,6.6,269,98.5
2009-08-31,3840.244873046875,19,1,7.0,268,98.2
2009-09-01,3803.195068359375,23,1,8.4,267,97.4
2009-09-02,3788.945068359375,12,2,4.4,268,97.8
2009-09-03,3784.445068359375,18,1,6.6,268,97.8
2009-09-04,3837.794921875,13,3,4.7,269,98.2
2009-09-07,3924.094970703125,33,1,12.0,270,98.5
2009-09-08,3929.644775390625,29,1,10.6,269,98.2
2009-09-09,3925.394775390625,12,1,4.4,269,98.2
2009-09-10,3922.344970703125,26,2,9.5,269,98.2
2009-09-11,3914.044921875,14,2,5.1,268,97.8
2009-09-14,3908.94482421875,14,2,5.1,266,97.1
2009-09-15,3972.994873046875,30,1,10.9,267,97.4
2009-09-16,4019.294677734375,42,1,15.3,268,97.8
2009-09-17,4023.0947265625,48,1,17.5,269,98.2
2009-09-18,4045.24462890625,30,1,10.9,269,98.2
2009-09-22,4069.24462890625,39,1,14.2,269,98.2
2009-09-23,4028.294677734375,24,1,8.8,269,98.2
2009-09-24,4040.89453125,24,1,8.8,268,97.8
2009-09-25,4041.3447265625,36,1,13.1,268,97.8
2009-09-29,4072.044677734375,37,1,13.5,269,98.2
2009-09-30,4118.64453125,38,1,13.8,270,98.2
2009-10-01,4119.04443359375,30,1,10.9,270,98.2
2009-10-05,4046.694580078125,15,1,5.5,269,97.8
2009-10-06,4047.944580078125,16,1,5.8,267,97.1
2009-10-07,4042.944580078125,33,1,12.0,267,97.1
2009-10-08,4060.794677734375,33,1,12.0,266,96.7
2009-10-09,4029.544677734375,31,2,11.3,265,96.4
2009-10-12,4100.04443359375,29,2,10.5,267,97.1
2009-10-14,4159.5947265625,50,2,18.2,267,97.1
2009-10-15,4165.44482421875,49,2,17.8,266,96.7
2009-10-16,4194.94482421875,41,1,14.9,267,97.1
2009-10-20,4193.19482421875,59,1,21.5,267,97.1
2009-10-21,4153.0947265625,37,1,13.5,266,96.7
2009-10-22,4089.794677734375,17,1,6.2,266,96.7
2009-10-23,4104.74462890625,22,2,8.0,265,96.4
2009-10-26,4067.74462890625,22,2,8.0,265,96.4
2009-10-27,3960.19482421875,15,3,5.5,262,95.3
2009-10-28,3949.294921875,8,2,2.9,260,94.5
2009-10-29,3882.844970703125,13,2,4.7,258,93.8
2009-10-30,3853.144775390625,13,2,4.7,257,93.5
2009-11-03,3727.445068359375,9,2,3.3,253,92.0
2009-11-04,3836.19482421875,4,3,1.5,256,93.1
2009-11-05,3899.744873046875,11,2,4.0,259,94.2
2009-11-06,3950.44482421875,17,1,6.2,259,94.2
2009-11-09,4026.794677734375,24,1,8.7,260,94.5
2009-11-10,4034.694580078125,32,1,11.6,259,94.2
2009-11-11,4130.89453125,32,1,11.6,259,94.2
2009-11-12,4084.0947265625,29,1,10.5,259,94.2
2009-11-13,4114.44482421875,21,1,7.6,258,93.5
2009-11-16,4162.24462890625,26,2,9.4,262,94.9
2009-11-17,4160.8447265625,29,1,10.5,261,94.6
2009-11-18,4164.89453125,25,1,9.1,261,94.6
2009-11-19,4109.44482421875,17,1,6.2,261,94.6
2009-11-20,4147.5947265625,11,1,4.0,260,94.2
2009-11-23,4180.79443359375,24,1,8.7,261,94.6
2009-11-24,4178.89453125,26,1,9.4,260,94.2
2009-11-25,4184.5947265625,27,1,9.8,261,94.6
2009-11-26,4121.3447265625,22,1,8.0,259,93.8
2009-11-27,4069.044677734375,7,1,2.5,259,93.8
2009-11-30,4145.44482421875,22,1,8.0,258,93.5
2009-12-01,4216.39453125,32,1,11.6,261,94.6
2009-12-02,4224.0947265625,45,2,16.3,260,94.2
2009-12-03,4247.14453125,37,2,13.4,262,94.6
2009-12-04,4238.8447265625,30,2,10.8,261,94.2
2009-12-07,4199.69482421875,25,2,9.0,260,93.9
2009-12-08,4254.99462890625,20,2,7.2,261,94.2
2009-12-09,4238.69482421875,28,2,10.1,262,94.6
2009-12-10,4258.24462890625,23,2,8.3,264,95.3
2009-12-11,4242.89453125,23,2,8.3,260,93.9
2009-12-14,4231.3447265625,14,2,5.1,260,93.9
2009-12-15,4173.14453125,13,2,4.7,258,93.1
2009-12-16,4177.29443359375,12,2,4.3,258,93.1
2009-12-17,4189.44482421875,22,2,7.9,259,93.5
2009-12-18,4153.04443359375,21,2,7.6,259,93.5
2009-12-21,4132.3447265625,16,2,5.8,258,93.1
2009-12-22,4168.5947265625,9,2,3.2,261,94.2
2009-12-23,4274.8447265625,20,2,7.2,262,94.6
2009-12-24,4300.34423828125,27,2,9.7,262,94.6
2009-12-29,4310.244140625,35,2,12.6,263,94.9
2009-12-30,4306.84423828125,32,2,11.6,264,95.3
2009-12-31,4329.09423828125,40,3,14.4,264,95.3
2010-01-04,4367.64404296875,47,2,16.9,266,95.7
2010-01-05,4416.0439453125,58,2,20.8,267,95.7
2010-01-06,4422.64404296875,39,2,14.0,267,95.7
2010-01-07,4411.5439453125,38,2,13.6,267,95.7
2010-01-08,4405.2939453125,32,1,11.3,269,95.4
2010-01-11,4432.494140625,39,1,13.8,268,95.0
2010-01-12,4391.6943359375,33,0,11.7,266,94.3
2010-01-13,4415.59423828125,29,0,10.3,267,94.7
2010-01-14,4450.4443359375,53,0,18.8,267,94.7
2010-01-15,4468.14404296875,44,0,15.6,267,94.7
2010-01-18,4499.59423828125,50,0,17.7,266,94.3
2010-01-19,4469.2939453125,40,0,14.2,265,94.0
2010-01-20,4453.64404296875,31,0,11.0,265,94.0
2010-01-21,4343.244140625,12,1,4.3,261,92.6
2010-01-22,4310.744140625,6,4,2.1,260,92.2
2010-01-25,4278.54443359375,3,3,1.1,259,91.8
2010-01-27,4125.49462890625,5,2,1.8,253,89.7
2010-01-28,4137.49462890625,3,1,1.1,250,88.7
2010-01-29,4156.04443359375,2,1,0.7,252,89.4
2010-02-01,4196.29443359375,9,0,3.2,253,89.7
2010-02-02,4138.24462890625,12,0,4.3,251,89.0
2010-02-03,4212.0947265625,8,0,2.8,253,89.7
2010-02-04,4139.69482421875,9,0,3.2,250,88.7
2010-02-05,4023.64453125,3,2,1.1,239,84.8
2010-02-08,4067.294677734375,4,0,1.4,245,86.6
2010-02-09,4103.99462890625,5,1,1.8,243,85.9
2010-02-10,4079.694580078125,6,0,2.1,241,85.2
2010-02-11,4123.5947265625,6,0,2.1,245,86.6
2010-02-15,4096.19482421875,6,1,2.1,242,85.5
2010-02-16,4134.64453125,2,2,0.7,242,85.5
2010-02-17,4171.54443359375,9,0,3.2,243,85.9
2010-02-18,4145.8447265625,9,0,3.2,242,85.5
2010-02-19,4102.69482421875,3,0,1.1,236,83.4
2010-02-22,4094.24462890625,5,0,1.8,234,82.7
2010-02-23,4089.694580078125,3,0,1.1,229,80.9
2010-02-24,4080.64453125,2,1,0.7,226,79.9
2010-02-25,4072.3447265625,3,1,1.1,231,81.6
2010-02-26,4127.54443359375,4,0,1.4,234,82.7
2010-03-02,4192.29443359375,10,0,3.5,239,84.5
2010-03-03,4249.8447265625,12,0,4.2,239,84.5
2010-03-04,4262.3447265625,18,0,6.4,242,85.5
2010-03-05,4270.24462890625,23,0,8.1,242,85.5
2010-03-08,4287.744140625,25,0,8.8,243,85.9
2010-03-09,4252.39453125,15,0,5.3,240,84.8
2010-03-10,4253.79443359375,14,0,4.9,240,84.8
2010-03-11,4252.8447265625,9,2,3.2,239,84.5
2010-03-12,4253.3447265625,12,1,4.2,238,84.1
2010-03-15,4233.39453125,7,1,2.5,226,79.9
2010-03-16,4273.64453125,14,1,4.9,235,83.0
2010-03-17,4304.1943359375,16,0,5.7,236,83.4
2010-03-18,4306.59423828125,13,0,4.6,235,83.0
2010-03-19,4323.994140625,23,0,8.1,236,83.4
2010-03-22,4278.74462890625,17,0,6.0,235,83.0
2010-03-23,4287.2939453125,14,0,4.9,232,82.0
2010-03-25,4293.6943359375,18,0,6.4,232,82.0
2010-03-26,4312.9443359375,23,0,8.1,232,82.0
2010-03-29,4320.9443359375,23,1,8.1,234,82.7
2010-03-30,4313.1943359375,16,1,5.7,238,84.1
2010-03-31,4313.244140625,16,0,5.7,237,83.7
2010-04-01,4345.1943359375,20,0,7.1,240,84.8
2010-04-05,4403.89404296875,40,0,14.1,245,86.6
2010-04-06,4410.2939453125,31,0,10.9,248,87.3
2010-04-07,4424.9443359375,28,0,9.9,251,88.4
2010-04-08,4381.6943359375,15,0,5.3,251,88.4
2010-04-09,4410.0439453125,22,0,7.7,252,88.7
2010-04-12,4394.6943359375,20,0,7.0,253,89.1
2010-04-13,4383.34423828125,19,1,6.7,250,88.0
2010-04-15,4359.39404296875,32,1,11.3,247,87.0
2010-04-16,4342.244140625,18,1,6.3,245,86.3
2010-04-19,4290.1943359375,15,1,5.3,235,82.7
2010-04-20,4319.744140625,18,0,6.3,240,84.5
2010-04-21,4344.39404296875,36,0,12.7,245,86.3
2010-04-22,4356.59423828125,27,0,9.5,242,85.2
2010-04-23,4368.994140625,24,1,8.5,243,85.6
2010-04-26,4383.7939453125,25,1,8.8,246,86.6
2010-04-27,4378.2939453125,23,0,8.1,245,86.3
2010-04-28,4315.09423828125,9,1,3.2,239,84.2
2010-04-29,4338.244140625,20,1,7.0,241,84.9
2010-04-30,4368.09423828125,29,0,10.2,244,85.9
2010-05-03,4341.244140625,21,0,7.4,239,84.2
2010-05-04,4277.8447265625,18,2,6.3,230,81.0
2010-05-05,4271.49462890625,15,4,5.3,233,82.0
2010-05-06,4256.74462890625,18,0,6.3,229,80.6
2010-05-07,4182.24462890625,2,3,0.7,223,78.5
2010-05-10,4298.59423828125,12,1,4.2,229,80.6
2010-05-11,4249.99462890625,11,0,3.9,224,78.9
2010-05-12,4263.89453125,14,4,4.9,224,78.9
2010-05-13,4290.59423828125,21,2,7.4,227,79.9
2010-05-14,4236.64453125,21,2,7.4,224,78.9
2010-05-17,4213.24462890625,10,5,3.5,220,77.5
2010-05-18,4217.39453125,21,3,7.4,218,76.8
2010-05-19,4106.39453125,12,5,4.2,203,71.5
2010-05-20,4133.44482421875,9,2,3.2,203,71.2
2010-05-21,4101.5947265625,5,7,1.8,199,69.8
2010-05-24,4110.79443359375,11,1,3.9,199,69.8
2010-05-25,4001.894775390625,2,6,0.7,189,66.3
2010-05-26,4070.544677734375,2,4,0.7,193,67.7
2010-05-27,4125.74462890625,5,4,1.8,198,69.5
2010-05-28,4186.79443359375,10,1,3.5,210,73.7
2010-05-31,4226.5947265625,12,1,4.2,215,75.4
2010-06-01,4149.0947265625,10,1,3.5,206,72.3
2010-06-02,4189.74462890625,5,2,1.8,206,72.3
2010-06-03,4253.14453125,13,0,4.6,208,73.0
2010-06-04,4263.44482421875,11,0,3.9,211,74.0
2010-06-07,4189.99462890625,7,6,2.5,204,71.6
2010-06-08,4151.99462890625,12,1,4.2,197,69.1
2010-06-09,4171.99462890625,7,3,2.5,205,71.9
2010-06-10,4228.94482421875,12,1,4.2,205,71.9
2010-06-11,4247.24462890625,14,0,4.9,208,73.0
2010-06-14,4299.0439453125,8,0,2.8,211,74.0
2010-06-15,4314.7939453125,11,0,3.9,219,76.8
2010-06-16,4319.9443359375,14,0,4.9,217,76.1
2010-06-17,4344.2939453125,18,0,6.3,216,75.8
2010-06-18,4328.64404296875,15,0,5.3,215,75.4
2010-06-21,4388.6943359375,20,0,7.0,224,78.6
2010-06-22,4368.6943359375,23,0,8.1,223,78.2
2010-06-23,4379.744140625,18,1,6.3,223,78.2
2010-06-24,4372.34423828125,32,0,11.2,221,77.5
2010-06-25,4365.84423828125,16,1,5.6,214,75.1
2010-06-28,4429.244140625,20,0,7.0,221,77.5
2010-06-29,4383.744140625,24,1,8.4,213,74.7
2010-06-30,4420.6943359375,14,1,4.9,213,74.5
2010-07-01,4386.34423828125,16,1,5.6,217,75.9
2010-07-02,4382.5439453125,13,1,4.5,215,75.2
2010-07-05,4379.64404296875,17,1,5.9,215,75.2
2010-07-06,4413.6943359375,12,1,4.2,216,75.5
2010-07-07,4385.89404296875,14,1,4.9,213,74.5
2010-07-08,4424.34423828125,30,1,10.5,216,75.5
2010-07-09,4461.5439453125,26,0,9.1,222,77.6
2010-07-12,4474.6943359375,24,0,8.4,222,77.6
2010-07-13,4491.34423828125,21,1,7.3,221,77.3
2010-07-14,4479.244140625,21,0,7.3,221,77.3
2010-07-15,4468.4443359375,25,0,8.7,223,78.0
2010-07-16,4490.0439453125,31,0,10.8,224,78.3
2010-07-19,4488.9443359375,29,0,10.1,227,79.4
2010-07-20,4474.744140625,23,0,8.0,227,79.4
2010-07-21,4499.14404296875,21,0,7.3,229,80.1
2010-07-22,4528.64404296875,25,0,8.7,230,80.4
2010-07-23,4523.244140625,32,0,11.2,227,79.4
2010-07-26,4497.494140625,27,0,9.4,221,77.3
2010-07-27,4508.89404296875,12,0,4.2,221,77.3
2010-07-28,4494.59423828125,19,0,6.6,218,76.2
2010-07-29,4490.39404296875,17,0,5.9,217,75.9
2010-07-30,4475.14404296875,22,0,7.7,220,76.9
2010-08-02,4523.494140625,29,0,10.1,217,75.9
2010-08-03,4535.84423828125,27,0,9.4,219,76.6
2010-08-04,4551.84423828125,20,0,7.0,217,75.9
2010-08-05,4543.1943359375,28,0,9.8,216,75.5
2010-08-06,4539.84423828125,29,0,10.1,215,75.2
2010-08-09,4579.64404296875,32,0,11.2,214,74.8
2010-08-10,4557.6943359375,24,0,8.4,213,74.5
2010-08-11,4535.39404296875,28,0,9.8,216,75.5
2010-08-12,4544.6943359375,18,0,6.3,217,75.9
2010-08-13,4576.39404296875,35,0,12.2,220,76.9
2010-08-16,4554.4443359375,29,2,10.1,214,74.8
2010-08-17,4558.494140625,29,0,10.1,216,75.5
2010-08-18,4600.5439453125,33,1,11.5,219,76.6
2010-08-19,4631.84423828125,41,2,14.3,221,77.3
2010-08-20,4629.5439453125,27,1,9.4,227,79.4
2010-08-23,4655.74365234375,32,1,11.2,228,79.7
2010-08-24,4624.84423828125,24,1,8.4,223,78.0
2010-08-25,4581.994140625,13,1,4.5,220,76.9
2010-08-26,4592.744140625,14,3,4.9,217,75.9
2010-08-27,4550.89404296875,15,4,5.2,210,73.4
2010-08-30,4557.59423828125,11,2,3.8,212,74.1
2010-08-31,4537.244140625,9,3,3.1,207,72.4
2010-09-01,4603.4443359375,10,0,3.5,219,76.6
2010-09-02,4610.9443359375,22,0,7.7,219,76.6
2010-09-03,4623.64404296875,34,0,11.9,221,77.3
2010-09-06,4693.79345703125,56,1,19.6,227,79.4
2010-09-07,4712.1435546875,38,0,13.3,233,81.5
2010-09-08,4720.74365234375,29,0,10.1,232,81.1
2010-09-09,4740.34375,39,0,13.6,235,82.2
2010-09-13,4813.24365234375,49,1,17.1,240,83.9
2010-09-14,4828.54345703125,35,0,12.2,237,82.9
2010-09-15,4861.29345703125,35,0,12.2,240,83.9
2010-09-16,4824.1435546875,25,0,8.7,234,81.8
2010-09-17,4876.49365234375,18,0,6.3,238,83.2
2010-09-20,4929.99365234375,37,0,12.9,242,84.6
2010-09-21,4925.94384765625,31,0,10.8,242,84.6
2010-09-22,4909.09375,15,0,5.2,241,84.3
2010-09-23,4891.54345703125,12,0,4.2,238,83.2
2010-09-24,4934.19384765625,19,0,6.6,243,85.0
2010-09-27,4958.3935546875,31,0,10.8,243,85.0
2010-09-28,4960.6435546875,21,0,7.3,245,85.7
2010-09-29,4926.04345703125,21,1,7.3,240,83.6
2010-09-30,4925.1435546875,13,1,4.5,237,82.6
2010-10-01,5018.79345703125,33,0,11.5,243,84.7
2010-10-04,5039.64306640625,52,0,18.1,244,85.0
2010-10-05,5046.693359375,34,1,11.8,247,86.1
2010-10-06,5091.04296875,42,0,14.6,253,88.2
2010-10-07,5052.89306640625,37,0,12.9,252,87.8
2010-10-08,5032.64306640625,13,0,4.5,250,87.1
2010-10-11,5064.943359375,25,0,8.7,252,87.8
2010-10-12,5027.443359375,21,0,7.3,247,86.1
2010-10-13,5121.79296875,29,0,10.1,252,87.8
2010-10-14,5084.7431640625,32,0,11.1,249,86.8
2010-10-15,4998.69384765625,11,0,3.8,242,84.3
2010-10-18,5001.69384765625,8,0,2.8,238,82.6
2010-10-19,4975.24365234375,13,1,4.5,240,83.3
2010-10-20,4946.04345703125,9,1,3.1,235,81.3
2010-10-21,5035.89306640625,15,2,5.2,238,82.4
2010-10-22,5018.69384765625,20,2,6.9,237,82.0
2010-10-25,5046.943359375,27,1,9.3,236,81.7
2010-10-26,5031.09326171875,19,0,6.6,238,82.4
2010-10-27,4986.69384765625,17,0,5.9,236,81.4
2010-10-28,4962.3935546875,14,0,4.8,230,79.3
2010-10-29,4972.94384765625,16,2,5.5,229,78.7
2010-11-01,5052.943359375,27,1,9.3,230,79.0
2010-11-02,5060.84326171875,23,2,7.9,235,80.8
2010-11-03,5090.9931640625,20,1,6.9,236,81.1
2010-11-04,5170.7431640625,26,2,8.9,241,82.5
2010-11-08,5174.2431640625,38,0,13.0,243,83.2
2010-11-09,5198.29296875,31,0,10.6,244,83.6
2010-11-10,5186.14306640625,33,0,11.3,245,83.9
2010-11-11,5119.4931640625,30,1,10.3,242,82.9
2010-11-12,5012.29345703125,10,4,3.4,229,78.4
2010-11-15,5042.79296875,7,3,2.4,231,79.1
2010-11-16,4936.09375,4,9,1.4,212,72.4
2010-11-18,4940.04345703125,5,10,1.7,219,74.7
2010-11-19,4850.54345703125,4,7,1.4,200,68.3
2010-11-22,4936.84375,5,9,1.7,207,70.6
2010-11-23,4877.04345703125,5,9,1.7,204,69.6
2010-11-24,4819.04345703125,7,8,2.4,197,67.2
2010-11-25,4742.84375,6,22,2.0,181,61.8
2010-11-26,4677.49365234375,0,42,0.0,170,58.0
2010-11-29,4736.44384765625,3,14,1.0,173,59.0
2010-11-30,4781.3935546875,6,4,2.0,184,62.8
2010-12-01,4876.29345703125,6,2,2.0,197,67.2
2010-12-02,4916.19384765625,9,2,3.1,197,67.2
2010-12-03,4875.79345703125,5,4,1.7,184,62.8
2010-12-06,4867.1435546875,5,2,1.7,185,63.1
2010-12-07,4844.04345703125,2,5,0.7,180,61.4
2010-12-08,4774.44384765625,1,5,0.3,167,57.0
2010-12-09,4639.09423828125,1,16,0.3,147,50.2
2010-12-10,4713.29345703125,0,18,0.0,155,52.9
2010-12-13,4765.59375,0,2,0.0,171,58.4
2010-12-14,4808.79345703125,1,2,0.3,177,60.4
2010-12-15,4760.29345703125,4,2,1.4,168,57.3
2010-12-16,4794.94384765625,3,4,1.0,169,57.7
2010-12-20,4792.79345703125,3,1,1.0,170,58.0
2010-12-21,4834.79345703125,5,2,1.7,173,59.0
2010-12-22,4827.69384765625,3,1,1.0,178,60.8
2010-12-23,4821.1435546875,3,1,1.0,171,58.4
2010-12-24,4839.8935546875,2,2,0.7,166,56.7
2010-12-27,4827.8935546875,5,4,1.7,168,57.3
2010-12-28,4827.54345703125,3,2,1.0,172,58.7
2010-12-29,4873.54345703125,6,3,2.0,174,59.4
2010-12-30,4904.6435546875,4,3,1.4,177,60.4
2010-12-31,4940.94384765625,7,1,2.4,183,62.5
2011-01-03,4967.29345703125,9,0,3.1,189,64.5
2011-01-04,4957.09375,10,0,3.4,191,65.2
2011-01-05,4903.09375,7,1,2.4,182,62.1
2011-01-06,4865.04345703125,6,1,2.0,174,59.4
2011-01-07,4750.74365234375,3,2,1.0,154,52.6
2011-01-10,4636.1943359375,1,8,0.3,136,46.4
2011-01-11,4624.9443359375,3,10,1.0,134,45.7
2011-01-12,4709.84375,1,5,0.3,144,49.1
2011-01-13,4639.7939453125,0,0,0.0,132,45.1
2011-01-14,4566.744140625,0,7,0.0,128,43.7
2011-01-17,4553.64404296875,0,15,0.0,119,40.6
2011-01-18,4598.34423828125,2,16,0.7,123,42.0
2011-01-19,4583.84423828125,4,9,1.4,125,42.7
2011-01-20,4597.6943359375,3,10,1.0,127,43.3
2011-01-21,4592.6943359375,2,6,0.7,123,42.0
2011-01-24,4628.6943359375,1,2,0.3,127,43.3
2011-01-25,4589.494140625,1,5,0.3,128,43.7
2011-01-27,4513.994140625,1,16,0.3,117,39.9
2011-01-28,4427.494140625,0,45,0.0,92,31.4
2011-01-31,4424.59423828125,3,48,1.0,86,29.4
2011-02-01,4352.14404296875,0,26,0.0,76,25.9
2011-02-02,4362.34423828125,1,26,0.3,77,26.3
2011-02-03,4429.89404296875,0,16,0.0,84,28.7
2011-02-04,4339.5439453125,0,13,0.0,73,24.9
2011-02-07,4332.09423828125,0,24,0.0,70,23.9
2011-02-08,4255.69482421875,0,42,0.0,57,19.5
2011-02-09,4178.29443359375,0,71,0.0,43,14.7
2011-02-10,4164.29443359375,0,60,0.0,40,13.7
2011-02-11,4240.44482421875,0,18,0.0,45,15.4
2011-02-14,4365.744140625,1,1,0.3,69,23.5
2011-02-15,4384.59423828125,1,2,0.3,71,24.2
2011-02-16,4391.34423828125,0,2,0.0,78,26.6
2011-02-17,4439.994140625,0,2,0.0,84,28.7
2011-02-18,4365.2939453125,1,2,0.3,75,25.6
2011-02-21,4403.1943359375,0,4,0.0,77,26.3
2011-02-22,4363.4443359375,0,2,0.0,76,25.9
2011-02-23,4338.744140625,1,4,0.3,70,23.9
2011-02-24,4201.19482421875,1,13,0.3,52,17.7
2011-02-25,4226.74462890625,0,20,0.0,52,17.7
2011-02-28,4247.14453125,0,14,0.0,58,19.8
2011-03-01,4391.744140625,1,9,0.3,66,22.5
2011-03-03,4400.6943359375,2,4,0.7,67,22.9
2011-03-04,4403.744140625,2,4,0.7,73,24.9
2011-03-07,4346.5439453125,0,9,0.0,64,21.8
2011-03-08,4390.59423828125,1,4,0.3,67,22.9
2011-03-09,4404.2939453125,2,2,0.7,73,24.9
2011-03-10,4382.1943359375,1,3,0.3,73,24.9
2011-03-11,4343.6943359375,1,8,0.3,65,22.2
2011-03-14,4399.64404296875,1,6,0.3,67,22.9
2011-03-15,4334.6943359375,0,17,0.0,61,20.8
2011-03-16,4386.4443359375,1,5,0.3,63,21.5
2011-03-17,4346.89404296875,0,5,0.0,60,20.5
2011-03-18,4298.39404296875,1,7,0.3,55,18.8
2011-03-21,4289.2939453125,0,13,0.0,56,19.1
2011-03-22,4326.494140625,2,4,0.7,59,20.1
2011-03-23,4373.34423828125,0,3,0.0,70,23.9
2011-03-24,4406.64404296875,1,3,0.3,69,23.5
2011-03-25,4493.34423828125,1,3,0.3,75,25.6
2011-03-28,4518.2939453125,1,2,0.3,78,26.6
2011-03-29,4548.994140625,1,1,0.3,90,30.7
2011-03-30,4598.4443359375,0,0,0.0,97,33.1
2011-03-31,4626.4443359375,4,1,1.4,107,36.5
2011-04-01,4640.0439453125,2,3,0.7,116,39.6
2011-04-04,4707.19384765625,4,0,1.4,123,42.0
2011-04-05,4722.84375,6,0,2.0,126,43.0
2011-04-06,4718.59375,4,1,1.4,138,47.1
2011-04-07,4727.34375,5,0,1.7,144,49.1
2011-04-08,4684.49365234375,7,0,2.4,139,47.4
2011-04-11,4643.09423828125,3,0,1.0,127,43.3
2011-04-13,4730.49365234375,2,0,0.7,141,48.1
2011-04-15,4679.79345703125,3,1,1.0,140,47.8
2011-04-18,4608.994140625,4,1,1.4,125,42.7
2011-04-19,4617.6943359375,1,1,0.3,126,43.0
2011-04-20,4694.69384765625,4,1,1.4,139,47.4
2011-04-21,4711.54345703125,6,1,2.0,138,47.1
2011-04-25,4708.34375,5,1,1.7,142,48.5
2011-04-26,4704.84375,5,2,1.7,145,49.5
2011-04-27,4687.99365234375,10,1,3.4,148,50.5
2011-04-28,4650.4443359375,5,1,1.7,140,47.8
2011-04-29,4615.2939453125,7,0,2.4,130,44.4
2011-05-02,4573.64404296875,3,0,1.0,120,41.0
2011-05-03,4471.994140625,2,1,0.7,93,31.7
2011-05-04,4448.64404296875,0,4,0.0,96,32.8
2011-05-05,4390.59423828125,0,3,0.0,83,28.3
2011-05-06,4460.4443359375,1,2,0.3,98,33.3
2011-05-09,4463.994140625,3,4,1.0,102,34.7
2011-05-10,4458.1943359375,4,6,1.4,99,33.7
2011-05-11,4480.6943359375,1,1,0.3,104,35.4
2011-05-12,4424.59423828125,0,1,0.0,94,32.0
2011-05-13,4470.34423828125,0,2,0.0,105,35.7
2011-05-16,4436.09423828125,2,3,0.7,100,34.0
2011-05-17,4395.9443359375,3,3,1.0,90,30.6
2011-05-18,4375.244140625,1,4,0.3,88,29.9
2011-05-19,4372.0439453125,0,8,0.0,84,28.6
2011-05-20,4411.89404296875,0,8,0.0,89,30.3
2011-05-23,4338.244140625,2,13,0.7,80,27.2
2011-05-24,4347.1943359375,1,11,0.3,83,28.2
2011-05-25,4317.89404296875,0,16,0.0,81,27.6
2011-05-26,4354.9443359375,3,13,1.0,85,28.9
2011-05-27,4409.7939453125,3,6,1.0,91,31.0
2011-05-30,4421.64404296875,6,3,2.0,94,32.0
2011-05-31,4492.89404296875,10,3,3.4,106,36.1
2011-06-01,4517.7939453125,6,2,2.0,109,37.1
2011-06-02,4482.5439453125,3,2,1.0,101,34.4
2011-06-03,4457.89404296875,4,0,1.4,97,33.0
2011-06-06,4465.494140625,5,0,1.7,106,36.1
2011-06-07,4489.9443359375,3,0,1.0,109,37.1
2011-06-08,4473.244140625,5,0,1.7,112,38.1
2011-06-09,4468.2939453125,6,1,2.0,110,37.4
2011-06-10,4442.7939453125,8,2,2.7,105,35.7
2011-06-13,4444.34423828125,5,5,1.7,106,36.1
2011-06-14,4460.5439453125,9,3,3.1,116,39.5
2011-06-15,4422.994140625,6,2,2.0,108,36.6
2011-06-16,4384.64404296875,8,10,2.7,104,35.3
2011-06-17,4357.744140625,6,12,2.0,101,34.2
2011-06-20,4263.24462890625,2,31,0.7,83,28.1
2011-06-21,4268.3447265625,1,18,0.3,86,29.2
2011-06-22,4258.49462890625,0,20,0.0,83,28.1
2011-06-23,4281.0947265625,1,25,0.3,89,30.2
2011-06-24,4392.1943359375,3,5,1.0,95,32.2
2011-06-27,4439.34423828125,3,3,1.0,105,35.6
2011-06-28,4454.34423828125,5,1,1.7,106,35.9
2011-06-29,4492.2939453125,9,2,3.1,106,35.9
2011-06-30,4522.9443359375,13,1,4.4,112,38.0
2011-07-01,4522.0439453125,14,1,4.7,112,38.0
2011-07-04,4549.14404296875,9,1,3.1,114,38.6
2011-07-05,4537.09423828125,9,0,3.1,121,41.0
2011-07-06,4535.2939453125,6,0,2.0,120,40.7
2011-07-07,4607.84423828125,10,1,3.4,128,43.4
2011-07-08,4554.7939453125,11,1,3.7,124,42.0
2011-07-11,4523.0439453125,8,0,2.7,121,41.0
2011-07-12,4459.2939453125,10,2,3.4,116,39.3
2011-07-13,4508.39404296875,5,0,1.7,129,43.7
2011-07-14,4525.494140625,11,0,3.7,134,45.4
2011-07-15,4514.64404296875,9,1,3.1,135,45.8
2011-07-18,4509.744140625,15,0,5.1,141,47.8
2011-07-19,4538.744140625,18,1,6.1,140,47.5
2011-07-20,4498.09423828125,13,2,4.4,136,46.1
2011-07-21,4475.6943359375,13,3,4.4,132,44.7
2011-07-22,4544.2939453125,13,0,4.4,139,47.1
2011-07-25,4577.744140625,11,3,3.7,149,50.5
2011-07-26,4504.84423828125,11,3,3.7,140,47.5
2011-07-27,4491.2939453125,8,4,2.7,134,45.4
2011-07-28,4444.89404296875,10,7,3.4,132,44.7
2011-07-29,4424.0439453125,10,10,3.4,135,45.8
2011-08-01,4440.84423828125,13,14,4.4,136,46.1
2011-08-02,4392.9443359375,5,15,1.7,126,42.7
2011-08-03,4359.2939453125,1,25,0.3,122,41.4
2011-08-04,4311.5439453125,1,10,0.3,122,41.4
2011-08-05,4220.49462890625,0,53,0.0,109,36.9
2011-08-08,4150.49462890625,0,53,0.0,105,35.6
2011-08-09,4107.69482421875,0,59,0.0,99,33.6
2011-08-10,4182.24462890625,0,2,0.0,115,39.0
2011-08-11,4164.74462890625,4,7,1.4,109,36.9
2011-08-12,4121.3447265625,2,11,0.7,106,35.8
2011-08-16,4081.294677734375,4,28,1.4,102,34.5
2011-08-17,4081.294677734375,0,53,0.0,97,32.8
2011-08-18,3994.144775390625,0,59,0.0,87,29.4
2011-08-19,3925.794921875,2,92,0.7,81,27.4
2011-08-22,3970.494873046875,2,27,0.7,89,30.1
2011-08-23,4010.694580078125,5,5,1.7,90,30.4
2011-08-24,3970.094970703125,3,6,1.0,90,30.4
2011-08-25,3929.494873046875,3,20,1.0,85,28.7
2011-08-26,3851.544921875,2,56,0.7,79,26.7
2011-08-29,3977.344970703125,3,4,1.0,93,31.4
2011-08-30,4038.3447265625,6,3,2.0,97,32.8
2011-09-02,4070.89453125,10,3,3.4,100,33.8
2011-09-05,4063.14453125,7,9,2.4,102,34.5
2011-09-06,4093.194580078125,6,7,2.0,106,35.8
2011-09-07,4146.39453125,7,0,2.4,113,38.2
2011-09-08,4163.8447265625,4,0,1.4,119,40.2
2011-09-09,4098.0947265625,3,0,1.0,113,38.2
2011-09-12,4010.74462890625,2,9,0.7,102,34.5
2011-09-13,4007.0947265625,0,7,0.0,106,35.8
2011-09-14,4051.544677734375,1,7,0.3,111,37.5
2011-09-15,4096.99462890625,2,3,0.7,116,39.2
2011-09-16,4105.0947265625,4,4,1.4,116,39.2
2011-09-19,4072.044677734375,1,3,0.3,119,40.2
2011-09-20,4142.79443359375,4,6,1.4,120,40.5
2011-09-21,4150.54443359375,5,2,1.7,126,42.6
2011-09-22,3994.144775390625,3,8,1.0,105,35.5
2011-09-23,3952.094970703125,4,17,1.4,101,34.1
2011-09-26,3914.794921875,2,24,0.7,96,32.3
2011-09-27,4010.044677734375,1,5,0.3,109,36.7
2011-09-28,3987.44482421875,1,10,0.3,106,35.7
2011-09-29,4024.74462890625,1,16,0.3,104,35.0
2011-09-30,3978.344970703125,0,14,0.0,102,34.3
2011-10-03,3903.19482421875,0,37,0.0,97,32.7
2011-10-04,3843.69482421875,1,40,0.3,88,29.6
2011-10-05,3821.844970703125,0,33,0.0,81,27.3
2011-10-07,3913.94482421875,0,14,0.0,88,29.6
2011-10-10,3977.894775390625,2,10,0.7,94,31.6
2011-10-11,3981.844970703125,3,6,1.0,98,33.0
2011-10-12,4068.5947265625,1,4,0.3,105,35.4
2011-10-13,4058.294677734375,1,3,0.3,103,34.7
2011-10-14,4090.694580078125,2,2,0.7,102,34.3
2011-10-17,4083.794677734375,3,4,1.0,107,36.0
2011-10-18,4023.14453125,2,11,0.7,100,33.7
2011-10-19,4093.49462890625,1,1,0.3,108,36.4
2011-10-20,4057.3447265625,1,4,0.3,101,34.0
2011-10-21,4024.64453125,0,5,0.0,101,34.0
2011-10-24,4046.64453125,5,9,1.7,100,33.7
2011-10-25,4101.39453125,6,15,2.0,106,35.7
2011-10-28,4229.74462890625,8,2,2.7,131,44.0
2011-10-31,4215.89453125,1,0,0.3,125,41.9
2011-11-01,4170.74462890625,5,2,1.7,126,42.3
2011-11-02,4171.39453125,6,2,2.0,128,43.0
2011-11-03,4179.64453125,6,3,2.0,129,43.3
2011-11-04,4201.0947265625,6,1,2.0,132,44.3
2011-11-08,4203.04443359375,6,4,2.0,131,44.0
2011-11-09,4147.14453125,4,5,1.3,123,41.3
2011-11-11,4100.89453125,5,15,1.7,113,37.9
2011-11-14,4074.544677734375,4,21,1.3,114,38.3
2011-11-15,3996.94482421875,0,42,0.0,98,32.9
2011-11-16,3965.44482421875,0,56,0.0,95,31.9
2011-11-17,3894.744873046875,0,41,0.0,83,27.9
2011-11-18,3869.044921875,0,67,0.0,79,26.5
2011-11-21,3778.59521484375,0,44,0.0,64,21.5
2011-11-22,3800.59521484375,1,33,0.3,63,21.1
2011-11-23,3720.14501953125,0,59,0.0,58,19.5
2011-11-24,3762.84521484375,0,53,0.0,63,21.1
2011-11-25,3742.195068359375,1,14,0.3,66,22.1
2011-11-28,3839.544921875,1,6,0.3,73,24.5
2011-11-29,3803.9951171875,1,5,0.3,74,24.8
2011-11-30,3811.2451171875,0,16,0.0,74,24.8
2011-12-01,3878.594970703125,0,2,0.0,78,26.2
2011-12-02,3962.094970703125,2,1,0.7,85,28.5
2011-12-05,3957.744873046875,2,2,0.7,86,28.9
2011-12-07,3970.594970703125,2,2,0.7,90,30.1
2011-12-08,3883.744873046875,1,6,0.3,80,26.8
2011-12-09,3830.844970703125,0,19,0.0,71,23.7
2011-12-12,3751.045166015625,0,34,0.0,60,20.1
2011-12-13,3767.09521484375,0,41,0.0,61,20.4
2011-12-14,3736.59521484375,0,26,0.0,57,19.0
2011-12-15,3720.195068359375,0,65,0.0,47,15.7
2011-12-16,3647.945068359375,1,65,0.3,42,14.0
2011-12-19,3603.79541015625,0,102,0.0,42,14.0
2011-12-20,3543.995361328125,0,90,0.0,34,11.3
2011-12-21,3640.89501953125,1,32,0.3,39,13.0
2011-12-22,3674.4951171875,2,29,0.7,40,13.3
2011-12-23,3660.545166015625,2,11,0.7,41,13.7
2011-12-26,3703.795166015625,1,9,0.3,45,15.0
2011-12-27,3680.195068359375,1,16,0.3,39,13.0
2011-12-28,3644.09521484375,0,30,0.0,39,13.0
2011-12-29,3607.595458984375,0,42,0.0,38,12.7
2011-12-30,3597.745361328125,1,28,0.3,41,13.7
2012-01-02,3602.495361328125,0,22,0.0,38,12.7
2012-01-03,3700.795166015625,0,5,0.0,46,15.3
2012-01-04,3695.045166015625,0,7,0.0,48,16.0
2012-01-05,3696.14501953125,0,6,0.0,46,15.3
2012-01-06,3694.795166015625,0,6,0.0,47,15.7
2012-01-09,3701.295166015625,1,2,0.3,49,16.3
2012-01-10,3785.34521484375,1,0,0.3,61,20.3
2012-01-11,3805.4951171875,0,1,0.0,59,19.7
2012-01-12,3797.39501953125,1,1,0.3,55,18.3
2012-01-13,3827.19482421875,2,0,0.7,61,20.3
2012-01-16,3833.144775390625,1,0,0.3,67,22.3
2012-01-17,3899.994873046875,1,0,0.3,75,25.0
2012-01-18,3881.794921875,1,2,0.3,69,23.0
2012-01-19,3931.94482421875,1,0,0.3,77,25.7
2012-01-20,3952.69482421875,0,2,0.0,81,27.0
2012-01-23,3952.69482421875,3,1,1.0,79,26.3
2012-01-24,4016.89453125,3,1,1.0,90,30.0
2012-01-25,4051.794677734375,3,1,1.0,101,33.7
2012-01-27,4085.3447265625,3,0,1.0,109,36.3
2012-01-30,3995.794921875,3,0,1.0,96,32.0
2012-01-31,4082.8447265625,6,0,2.0,115,38.3
2012-02-01,4117.54443359375,11,0,3.7,129,43.0
2012-02-02,4146.54443359375,10,0,3.3,135,45.0
2012-02-03,4188.44482421875,12,0,4.0,142,47.3
2012-02-06,4227.0947265625,23,0,7.7,148,49.3
2012-02-07,4199.04443359375,11,0,3.7,140,46.7
2012-02-08,4232.74462890625,7,1,2.3,161,53.7
2012-02-09,4272.39453125,17,0,5.7,178,59.3
2012-02-10,4258.39453125,16,0,5.3,178,59.3
2012-02-13,4264.79443359375,17,0,5.7,179,59.7
2012-02-14,4289.494140625,10,0,3.3,194,64.7
2012-02-15,4381.4443359375,26,0,8.7,204,68.0
2012-02-16,4385.89404296875,23,0,7.7,207,69.0
2012-02-17,4414.0439453125,22,0,7.3,213,71.0
2012-02-21,4447.494140625,16,0,5.3,221,73.7
2012-02-22,4340.84423828125,8,0,2.7,199,66.3
2012-02-23,4322.89404296875,5,1,1.7,190,63.3
2012-02-24,4284.5439453125,14,1,4.7,188,62.7
2012-02-27,4165.04443359375,5,1,1.7,159,53.0
2012-02-28,4258.49462890625,11,0,3.7,186,62.0
2012-02-29,4275.54443359375,23,0,7.7,193,64.3
2012-03-01,4243.74462890625,10,1,3.3,186,62.0
2012-03-02,4254.49462890625,9,0,3.0,184,61.3
2012-03-05,4195.44482421875,9,2,3.0,173,57.7
2012-03-06,4151.39453125,3,2,1.0,161,53.7
2012-03-07,4146.94482421875,0,2,0.0,162,54.0
2012-03-09,4238.8447265625,8,1,2.7,177,58.8
2012-03-12,4265.24462890625,6,2,2.0,187,61.9
2012-03-13,4317.64404296875,16,2,5.3,196,64.9
2012-03-14,4343.0439453125,12,1,4.0,199,65.9
2012-03-15,4275.74462890625,8,1,2.6,192,63.6
2012-03-16,4226.04443359375,6,3,2.0,184,60.9
2012-03-19,4176.99462890625,5,2,1.7,172,56.8
2012-03-20,4197.04443359375,8,3,2.6,176,57.9
2012-03-21,4270.89453125,16,3,5.3,186,61.2
2012-03-22,4165.29443359375,19,4,6.2,174,57.2
2012-03-23,4202.24462890625,8,4,2.6,182,59.9
2012-03-26,4131.24462890625,6,5,2.0,169,55.6
2012-03-27,4168.54443359375,7,5,2.3,171,56.2
2012-03-28,4129.14453125,3,6,1.0,162,53.3
2012-03-29,4124.44482421875,3,5,1.0,162,53.3
2012-03-30,4221.79443359375,16,2,5.3,181,59.5
2012-04-02,4246.94482421875,24,2,7.9,184,60.5
2012-04-03,4283.09423828125,19,1,6.2,190,62.5
2012-04-04,4262.19482421875,14,1,4.6,193,63.5
2012-04-09,4193.89453125,10,1,3.3,180,59.2
2012-04-10,4196.69482421875,11,4,3.6,182,59.9
2012-04-11,4179.39453125,9,2,3.0,179,58.9
2012-04-12,4216.54443359375,12,2,3.9,186,61.0
2012-04-13,4169.54443359375,15,5,4.9,179,58.7
2012-04-16,4186.69482421875,16,3,5.2,187,61.3
2012-04-17,4232.0947265625,18,3,5.9,187,61.3
2012-04-18,4241.99462890625,27,3,8.9,190,62.3
2012-04-19,4259.89453125,29,2,9.5,191,62.6
2012-04-20,4226.3447265625,26,1,8.5,191,62.6
2012-04-23,4154.8447265625,14,3,4.6,183,60.0
2012-04-24,4163.99462890625,8,3,2.6,183,60.0
2012-04-25,4146.29443359375,10,3,3.3,176,57.7
2012-04-26,4133.14453125,7,6,2.3,170,55.7
2012-04-27,4131.14453125,8,7,2.6,171,56.1
2012-04-30,4178.3447265625,12,5,3.9,180,59.0
2012-05-02,4171.29443359375,16,3,5.2,178,58.4
2012-05-03,4128.64453125,8,4,2.6,168,55.1
2012-05-04,4050.8447265625,6,10,2.0,155,50.8
2012-05-07,4074.944580078125,5,17,1.6,159,52.1
2012-05-08,3992.544921875,7,4,2.3,152,49.8
2012-05-09,3963.69482421875,6,7,2.0,141,46.2
2012-05-10,3959.594970703125,6,10,2.0,141,46.2
2012-05-11,3928.244873046875,4,15,1.3,138,45.2
2012-05-14,3906.894775390625,2,15,0.7,133,43.6
2012-05-15,3932.894775390625,6,15,2.0,133,43.6
2012-05-16,3871.394775390625,2,21,0.7,126,41.3
2012-05-17,3879.144775390625,3,13,1.0,133,43.6
2012-05-18,3889.044921875,4,19,1.3,136,44.6
2012-05-21,3904.44482421875,4,5,1.3,136,44.6
2012-05-22,3869.794921875,5,3,1.6,130,42.6
2012-05-23,3848.794921875,3,9,1.0,124,40.7
2012-05-24,3904.844970703125,5,7,1.6,130,42.6
2012-05-25,3910.594970703125,5,5,1.6,135,44.3
2012-05-28,3961.044921875,9,4,3.0,141,46.2
2012-05-29,3961.094970703125,9,1,2.9,143,46.7
2012-05-30,3923.844970703125,5,6,1.6,141,46.1
2012-05-31,3913.044921875,4,13,1.3,141,46.1
2012-06-01,3851.94482421875,3,9,1.0,137,44.8
2012-06-04,3850.794921875,2,18,0.7,132,43.1
2012-06-05,3862.544921875,2,4,0.7,131,42.8
2012-06-06,3958.994873046875,1,4,0.3,140,45.8
2012-06-07,3996.494873046875,2,2,0.7,146,47.7
2012-06-08,4010.944580078125,3,2,1.0,149,48.7
2012-06-11,3998.044921875,5,3,1.6,145,47.4
2012-06-12,4040.89453125,2,3,0.7,153,50.0
2012-06-13,4043.74462890625,2,0,0.7,154,50.3
2012-06-14,3992.244873046875,7,3,2.3,150,49.0
2012-06-15,4047.444580078125,6,2,2.0,157,51.3
2012-06-18,3991.344970703125,7,6,2.3,150,49.0
2012-06-19,4016.444580078125,3,9,1.0,152,49.7
2012-06-20,4037.794677734375,7,3,2.3,158,51.6
2012-06-21,4074.194580078125,8,3,2.6,167,54.6
2012-06-22,4063.74462890625,5,1,1.6,168,54.9
2012-06-25,4044.74462890625,6,3,2.0,167,54.6
2012-06-26,4053.194580078125,5,2,1.6,162,52.9
2012-06-27,4069.8447265625,8,4,2.6,170,55.6
2012-06-28,4075.044677734375,8,3,2.6,174,56.9
2012-06-29,4170.64453125,10,1,3.3,191,62.4
2012-07-02,4180.89453125,13,1,4.2,195,63.7
2012-07-03,4196.69482421875,11,0,3.6,201,65.7
2012-07-04,4213.04443359375,9,0,2.9,207,67.6
2012-07-05,4236.94482421875,15,0,4.9,216,70.6
2012-07-06,4224.14453125,12,0,3.9,210,68.6
2012-07-09,4184.14453125,5,0,1.6,201,65.7
2012-07-10,4235.79443359375,9,0,2.9,216,70.6
2012-07-11,4210.64453125,14,0,4.6,214,69.9
2012-07-12,4164.5947265625,6,0,2.0,208,68.0
2012-07-13,4156.74462890625,11,1,3.6,205,67.0
2012-07-16,4134.74462890625,15,1,4.9,197,64.4
2012-07-17,4123.04443359375,10,2,3.3,192,62.7
2012-07-18,4139.74462890625,3,5,1.0,196,64.1
2012-07-19,4157.29443359375,8,3,2.6,196,64.1
2012-07-20,4134.74462890625,11,3,3.6,194,63.4
2012-07-23,4069.044677734375,8,4,2.6,181,59.2
2012-07-24,4079.294677734375,9,2,2.9,176,57.5
2012-07-25,4062.39453125,8,8,2.6,174,56.9
2012-07-26,4003.5947265625,9,11,2.9,164,53.6
2012-07-27,4028.24462890625,9,12,2.9,155,50.7
2012-07-30,4104.0947265625,9,8,2.9,170,55.6
2012-07-31,4126.44482421875,11,5,3.6,176,57.5
2012-08-01,4141.8447265625,16,0,5.2,183,59.8
2012-08-02,4138.89453125,13,1,4.2,183,59.8
2012-08-03,4129.04443359375,14,3,4.6,180,58.8
2012-08-06,4172.44482421875,20,1,6.5,191,62.4
2012-08-07,4206.14453125,15,2,4.9,199,65.0
2012-08-08,4201.5947265625,21,2,6.9,202,66.0
2012-08-09,4190.14453125,18,3,5.9,199,65.0
2012-08-10,4186.94482421875,23,5,7.5,198,64.7
2012-08-13,4213.24462890625,17,1,5.6,199,65.0
2012-08-14,4234.49462890625,13,2,4.2,199,65.0
2012-08-16,4222.64453125,17,2,5.6,200,65.4
2012-08-17,4223.69482421875,15,3,4.9,198,64.7
2012-08-21,4257.94482421875,22,3,7.2,203,66.3
2012-08-22,4249.64453125,23,5,7.5,203,66.3
2012-08-23,4248.04443359375,18,3,5.9,207,67.6
2012-08-24,4225.99462890625,14,7,4.6,200,65.4
2012-08-27,4194.94482421875,16,11,5.2,195,63.7
2012-08-28,4176.3447265625,6,15,2.0,186,60.8
2012-08-29,4143.5947265625,8,12,2.6,180,58.8
2012-08-30,4162.94482421875,12,15,3.9,183,59.8
2012-08-31,4129.89453125,9,6,2.9,182,59.5
2012-09-03,4128.0947265625,11,2,3.6,184,60.1
2012-09-04,4148.29443359375,11,2,3.6,184,60.1
2012-09-05,4115.3447265625,4,3,1.3,179,58.5
2012-09-06,4125.94482421875,5,3,1.6,181,59.2
2012-09-07,4195.74462890625,12,0,3.9,189,61.8
2012-09-10,4217.8447265625,16,1,5.2,200,65.4
2012-09-11,4234.5947265625,20,2,6.5,199,65.0
2012-09-12,4260.24462890625,18,1,5.9,201,65.7
2012-09-13,4259.99462890625,14,0,4.6,200,65.4
2012-09-14,4348.7939453125,18,0,5.9,204,66.7
2012-09-17,4383.09423828125,18,0,5.9,216,70.6
2012-09-18,4390.84423828125,10,0,3.3,224,73.2
2012-09-20,4358.9443359375,7,0,2.3,217,70.9
2012-09-21,4456.14404296875,17,1,5.6,235,76.8
2012-09-24,4450.9443359375,17,1,5.6,239,78.1
2012-09-25,4460.39404296875,18,0,5.9,240,78.4
2012-09-26,4457.994140625,27,0,8.8,241,78.8
2012-09-27,4458.14404296875,22,1,7.2,243,79.4
2012-09-28,4504.34423828125,38,1,12.4,245,80.1
2012-10-01,4522.9443359375,38,0,12.4,247,80.7
2012-10-03,4539.59423828125,31,0,10.1,251,82.0
2012-10-04,4579.39404296875,35,0,11.4,259,84.6
2012-10-05,4547.89404296875,19,3,6.2,250,81.7
2012-10-08,4499.84423828125,18,1,5.9,251,82.0
2012-10-09,4523.244140625,17,0,5.6,253,82.7
2012-10-10,4477.2939453125,10,0,3.3,241,78.8
2012-10-11,4523.59423828125,15,0,4.9,249,81.4
2012-10-12,4506.14404296875,18,0,5.9,244,79.7
2012-10-15,4511.84423828125,18,0,5.9,241,78.8
2012-10-16,4480.4443359375,19,0,6.2,240,78.4
2012-10-17,4488.494140625,12,0,3.9,236,77.1
2012-10-18,4535.1943359375,11,0,3.6,244,79.7
2012-10-19,4509.4443359375,19,0,6.2,243,79.4
2012-10-22,4528.4443359375,17,0,5.6,240,78.4
2012-10-23,4509.994140625,20,0,6.5,237,77.5
2012-10-25,4518.39404296875,22,1,7.2,237,77.5
2012-10-29,4474.994140625,18,0,5.9,222,72.5
2012-10-30,4424.09423828125,6,1,2.0,210,68.6
2012-10-31,4448.84423828125,11,1,3.6,213,69.6
2012-11-01,4473.84423828125,20,1,6.5,218,71.2
2012-11-02,4510.244140625,19,0,6.2,228,74.5
2012-11-05,4511.2939453125,19,1,6.2,221,72.2
2012-11-06,4528.2939453125,16,2,5.2,221,72.2
2012-11-07,4559.09423828125,29,0,9.5,223,72.9
2012-11-08,4548.9443359375,21,2,6.9,222,72.5
2012-11-09,4508.7939453125,18,2,5.9,218,71.2
2012-11-12,4519.244140625,22,2,7.2,216,70.6
2012-11-15,4496.994140625,29,0,9.5,209,68.3
2012-11-16,4451.09423828125,18,2,5.9,206,67.3
2012-11-19,4437.244140625,8,1,2.6,197,64.4
2012-11-20,4428.39404296875,12,3,3.9,195,63.7
2012-11-21,4458.4443359375,7,2,2.3,195,63.7
2012-11-22,4471.7939453125,9,3,2.9,200,65.4
2012-11-23,4474.14404296875,5,3,1.6,196,64.1
2012-11-26,4493.59423828125,14,0,4.6,200,65.4
2012-11-27,4562.39404296875,17,1,5.6,208,68.0
2012-11-29,4631.89404296875,28,1,9.2,212,69.3
2012-11-30,4675.24365234375,25,0,8.2,221,72.2
2012-12-03,4685.04345703125,31,0,10.1,227,74.2
2012-12-04,4701.44384765625,28,0,9.2,228,74.5
2012-12-05,4712.09375,29,0,9.5,232,75.8
2012-12-06,4740.19384765625,29,0,9.5,236,77.1
2012-12-07,4724.24365234375,28,0,9.2,237,77.5
2012-12-10,4731.8935546875,18,0,5.9,235,76.8
2012-12-11,4716.24365234375,20,1,6.5,232,75.8
2012-12-12,4709.84375,13,1,4.2,230,75.2
2012-12-13,4674.04345703125,12,1,3.9,224,73.2
2012-12-14,4698.79345703125,9,3,2.9,230,75.2
2012-12-17,4693.94384765625,18,1,5.9,230,75.2
2012-12-18,4727.84375,24,3,7.8,237,77.5
2012-12-19,4755.29345703125,27,3,8.8,242,79.1
2012-12-20,4746.3935546875,16,2,5.2,239,78.1
2012-12-21,4686.8935546875,12,4,3.9,233,76.1
2012-12-24,4694.99365234375,12,2,3.9,231,75.5
2012-12-26,4731.59375,14,1,4.6,232,75.8
2012-12-27,4706.34375,14,1,4.6,227,74.2
2012-12-28,4738.29345703125,13,1,4.2,232,75.6
2012-12-31,4743.44384765625,12,3,3.9,233,75.9
2013-01-01,4786.19384765625,22,1,7.2,239,77.9
2013-01-02,4818.8935546875,34,0,11.1,237,77.2
2013-01-03,4835.69384765625,34,0,11.1,244,79.5
2013-01-04,4843.99365234375,19,0,6.2,250,81.4
2013-01-07,4831.44384765625,17,0,5.5,253,82.4
2013-01-08,4837.94384765625,17,0,5.5,253,82.4
2013-01-09,4815.74365234375,27,1,8.8,253,82.4
2013-01-10,4809.19384765625,20,1,6.5,245,79.8
2013-01-11,4778.1435546875,9,1,2.9,244,79.5
2013-01-14,4836.69384765625,12,2,3.9,249,81.1
2013-01-15,4858.8935546875,15,0,4.9,250,81.4
2013-01-16,4807.54345703125,9,3,2.9,240,78.2
2013-01-17,4831.34375,10,3,3.3,242,78.8
2013-01-18,4844.04345703125,11,2,3.6,242,78.8
2013-01-21,4855.99365234375,8,2,2.6,243,79.2
2013-01-22,4822.34375,5,4,1.6,237,77.2
2013-01-23,4814.79345703125,8,5,2.6,231,75.2
2013-01-24,4763.84375,3,7,1.0,203,66.1
2013-01-25,4816.44384765625,5,9,1.6,221,72.0
2013-01-28,4818.29345703125,9,2,2.9,222,72.3
2013-01-29,4794.79345703125,15,5,4.9,212,69.1
2013-01-30,4797.1435546875,7,5,2.3,213,69.4
2013-01-31,4795.29345703125,7,4,2.3,216,70.4
2013-02-01,4775.8935546875,8,7,2.6,208,67.8
2013-02-04,4759.24365234375,7,10,2.3,203,66.1
2013-02-05,4733.59375,4,10,1.3,201,65.5
2013-02-06,4738.09375,7,6,2.3,197,64.2
2013-02-07,4713.24365234375,3,10,1.0,191,62.2
2013-02-08,4682.54345703125,2,15,0.7,187,60.9
2013-02-11,4677.84375,2,15,0.7,184,59.9
2013-02-12,4690.29345703125,2,7,0.7,181,59.0
2013-02-13,4688.44384765625,5,8,1.6,179,58.3
2013-02-14,4650.34423828125,4,17,1.3,170,55.4
2013-02-15,4647.244140625,2,26,0.7,170,55.4
2013-02-18,4659.59375,1,10,0.3,171,55.7
2013-02-19,4697.09375,6,4,2.0,172,56.0
2013-02-20,4698.34375,13,3,4.2,174,56.7
2013-02-21,4621.744140625,4,7,1.3,164,53.4
2013-02-22,4621.7939453125,5,12,1.6,167,54.4
2013-02-25,4611.64404296875,5,19,1.6,163,53.1
2013-02-26,4537.09423828125,3,26,1.0,149,48.5
2013-02-27,4568.1943359375,3,31,1.0,150,48.9
2013-02-28,4477.494140625,5,34,1.6,136,44.3
2013-03-01,4499.744140625,2,21,0.7,141,45.9
2013-03-04,4470.14404296875,1,40,0.3,124,40.4
2013-03-05,4538.994140625,3,17,1.0,136,44.3
2013-03-06,4570.4443359375,6,8,2.0,141,45.9
2013-03-07,4601.5439453125,6,6,2.0,145,47.2
2013-03-08,4660.6435546875,9,4,2.9,154,50.2
2013-03-11,4661.24365234375,10,7,3.3,151,49.2
2013-03-12,4636.89404296875,6,9,2.0,150,48.9
2013-03-13,4584.994140625,4,6,1.3,140,45.6
2013-03-14,4625.744140625,3,10,1.0,144,46.9
2013-03-15,4598.1943359375,6,16,2.0,137,44.6
2013-03-18,4572.64404296875,3,18,1.0,136,44.3
2013-03-19,4500.84423828125,4,26,1.3,125,40.7
2013-03-20,4446.0439453125,0,43,0.0,115,37.5
2013-03-21,4413.494140625,1,46,0.3,110,35.8
2013-03-22,4404.494140625,1,51,0.3,101,32.9
2013-03-25,4390.2939453125,1,39,0.3,98,31.9
2013-03-26,4394.59423828125,0,39,0.0,100,32.6
2013-03-28,4438.34423828125,0,32,0.0,104,33.9
2013-04-01,4465.59423828125,3,6,1.0,111,36.2
2013-04-02,4508.7939453125,4,3,1.3,121,39.4
2013-04-03,4457.1943359375,5,4,1.6,111,36.2
2013-04-04,4378.64404296875,2,5,0.7,103,33.6
2013-04-05,4366.64404296875,3,3,1.0,101,32.9
2013-04-08,4361.14404296875,2,6,0.7,100,32.6
2013-04-09,4323.39404296875,0,7,0.0,93,30.3
2013-04-10,4366.4443359375,2,11,0.7,97,31.6
2013-04-11,4388.0439453125,1,5,0.3,100,32.6
2013-04-12,4352.744140625,2,8,0.7,97,31.6
2013-04-15,4376.0439453125,1,10,0.3,103,33.6
2013-04-16,4457.5439453125,3,9,1.0,106,34.5
2013-04-17,4461.744140625,5,6,1.6,108,35.2
2013-04-18,4526.7939453125,4,5,1.3,116,37.8
2013-04-22,4574.39404296875,4,2,1.3,123,40.1
2013-04-23,4572.39404296875,4,1,1.3,122,39.7
2013-04-25,4624.2939453125,11,1,3.6,126,41.0
2013-04-26,4591.64404296875,6,1,2.0,127,41.4
2013-04-29,4620.89404296875,8,4,2.6,132,43.0
2013-04-30,4641.744140625,14,4,4.6,132,43.0
2013-05-02,4695.04345703125,15,3,4.9,142,46.3
2013-05-03,4659.09375,11,1,3.6,139,45.3
2013-05-06,4685.59375,9,2,2.9,144,46.9
2013-05-07,4737.54345703125,15,3,4.9,146,47.6
2013-05-08,4754.44384765625,16,2,5.2,151,49.2
2013-05-09,4737.69384765625,12,4,3.9,148,48.2
2013-05-10,4769.19384765625,16,2,5.2,150,48.9
2013-05-13,4689.74365234375,15,4,4.9,141,45.9
2013-05-14,4702.49365234375,9,5,2.9,141,45.9
2013-05-15,4810.94384765625,19,2,6.2,155,50.5
2013-05-16,4830.24365234375,19,2,6.2,157,51.1
2013-05-17,4847.09375,14,5,4.6,161,52.4
2013-05-20,4821.94384765625,17,2,5.5,154,50.2
2013-05-21,4788.19384765625,13,4,4.2,146,47.6
2013-05-22,4766.84375,8,9,2.6,143,46.6
2013-05-23,4668.19384765625,5,17,1.6,122,39.7
2013-05-24,4685.59375,5,16,1.6,124,40.4
2013-05-27,4756.3935546875,9,2,2.9,132,43.0
2013-05-28,4777.04345703125,11,4,3.6,133,43.3
2013-05-29,4766.6435546875,6,5,2.0,130,42.3
2013-05-30,4773.99365234375,10,8,3.3,130,42.3
2013-05-31,4681.44384765625,13,24,4.2,116,37.8
2013-06-03,4659.29345703125,11,20,3.6,119,38.8
2013-06-04,4652.5439453125,7,11,2.3,124,40.4
2013-06-05,4656.49365234375,4,11,1.3,123,40.1
2013-06-06,4653.39404296875,3,12,1.0,123,40.1
2013-06-07,4621.09423828125,5,11,1.6,122,39.7
2013-06-10,4604.39404296875,3,20,1.0,115,37.5
2013-06-11,4529.84423828125,1,33,0.3,109,35.5
2013-06-12,4502.1943359375,1,30,0.3,105,34.2
2013-06-13,4447.39404296875,0,39,0.0,90,29.3
2013-06-14,4525.9443359375,1,12,0.3,100,32.6
2013-06-17,4557.494140625,4,15,1.3,104,33.9
2013-06-18,4540.6943359375,4,8,1.3,101,32.9
2013-06-19,4552.6943359375,5,9,1.6,103,33.6
2013-06-20,4429.64404296875,2,32,0.7,92,30.0
2013-06-21,4420.14404296875,1,40,0.3,90,29.3
2013-06-24,4345.59423828125,0,55,0.0,79,25.7
2013-06-25,4350.09423828125,0,57,0.0,77,25.1
2013-06-26,4335.494140625,0,31,0.0,78,25.4
2013-06-27,4393.89404296875,0,34,0.0,83,27.0
2013-06-28,4510.89404296875,2,5,0.7,94,30.6
2013-07-01,4572.0439453125,2,5,0.7,98,31.9
2013-07-02,4542.7939453125,2,4,0.7,98,31.9
2013-07-03,4473.34423828125,1,10,0.3,89,29.0
2013-07-04,4517.6943359375,4,12,1.3,97,31.6
2013-07-05,4535.7939453125,3,5,1.0,99,32.2
2013-07-08,4501.244140625,4,16,1.3,99,32.2
2013-07-09,4539.9443359375,9,3,2.9,106,34.5
2013-07-10,4511.39404296875,11,7,3.6,98,31.9
2013-07-11,4586.4443359375,14,6,4.6,100,32.6
2013-07-12,4630.9443359375,13,11,4.2,104,33.9
2013-07-15,4655.69384765625,14,10,4.6,104,33.9
2013-07-16,4596.494140625,11,11,3.6,104,33.9
2013-07-17,4597.6943359375,23,19,7.5,100,32.5
2013-07-18,4647.5439453125,19,14,6.2,103,33.4
2013-07-19,4632.744140625,15,13,4.9,103,33.4
2013-07-22,4631.09423828125,8,19,2.6,103,33.4
2013-07-23,4660.74365234375,10,11,3.2,103,33.3
2013-07-24,4588.244140625,7,28,2.3,95,30.7
2013-07-25,4531.7939453125,5,38,1.6,95,30.7
2013-07-26,4507.244140625,5,45,1.6,91,29.4
2013-07-29,4459.89404296875,7,51,2.3,84,27.2
2013-07-30,4390.34423828125,3,70,1.0,79,25.6
2013-07-31,4379.64404296875,6,98,1.9,79,25.6
2013-08-01,4353.994140625,5,47,1.6,79,25.6
2013-08-02,4314.9443359375,4,87,1.3,72,23.3
2013-08-05,4323.34423828125,5,70,1.6,75,24.3
2013-08-06,4214.14453125,3,71,1.0,62,20.1
2013-08-07,4213.8447265625,1,39,0.3,69,22.3
2013-08-08,4250.3447265625,1,10,0.3,72,23.3
2013-08-12,4293.1943359375,3,9,1.0,75,24.3
2013-08-13,4360.64404296875,5,8,1.6,81,26.2
2013-08-14,4392.0439453125,9,3,2.9,85,27.5
2013-08-16,4224.29443359375,6,22,1.9,74,23.9
2013-08-19,4151.94482421875,0,33,0.0,69,22.3
2013-08-20,4138.39453125,0,36,0.0,62,20.1
2013-08-21,4069.444580078125,1,17,0.3,60,19.4
2013-08-22,4136.0947265625,0,24,0.0,63,20.4
2013-08-23,4183.64453125,2,8,0.6,67,21.7
2013-08-26,4194.49462890625,4,3,1.3,68,22.0
2013-08-27,4060.694580078125,1,20,0.3,59,19.1
2013-08-28,4047.694580078125,6,54,1.9,52,16.8
2013-08-29,4132.79443359375,6,9,1.9,62,20.1
2013-08-30,4175.8447265625,6,8,1.9,67,21.7
2013-09-02,4235.24462890625,4,5,1.3,77,24.9
2013-09-03,4092.89453125,2,13,0.6,64,20.7
2013-09-04,4164.49462890625,4,18,1.3,72,23.3
2013-09-05,4264.04443359375,1,0,0.3,80,25.9
2013-09-06,4319.39404296875,1,1,0.3,79,25.6
2013-09-10,4463.5439453125,5,0,1.6,88,28.5
2013-09-11,4489.4443359375,5,0,1.6,90,29.1
2013-09-12,4445.9443359375,5,0,1.6,88,28.5
2013-09-13,4450.4443359375,1,1,0.3,91,29.4
2013-09-16,4440.89404296875,3,0,1.0,86,27.8
2013-09-17,4444.494140625,1,0,0.3,89,28.8
2013-09-18,4478.34423828125,1,1,0.3,91,29.4
2013-09-19,4627.84423828125,4,1,1.3,108,35.0
2013-09-20,4560.09423828125,4,4,1.3,102,33.0
2013-09-23,4481.994140625,1,3,0.3,97,31.4
2013-09-24,4484.09423828125,3,3,1.0,99,32.0
2013-09-25,4477.0439453125,4,3,1.3,99,32.0
2013-09-26,4482.2939453125,5,2,1.6,104,33.7
2013-09-27,4455.9443359375,6,3,1.9,107,34.6
2013-09-30,4392.0439453125,9,4,2.9,103,33.3
2013-10-01,4422.89404296875,9,5,2.9,102,33.0
2013-10-03,4512.64404296875,8,0,2.6,110,35.6
2013-10-04,4516.14404296875,8,1,2.6,114,36.9
2013-10-07,4522.7939453125,11,2,3.6,114,36.9
2013-10-08,4536.4443359375,13,0,4.2,116,37.5
2013-10-09,4592.4443359375,13,1,4.2,129,41.7
2013-10-10,4607.494140625,20,1,6.5,129,41.7
2013-10-11,4651.7939453125,23,0,7.4,137,44.3
2013-10-14,4665.94384765625,11,0,3.6,141,45.6
2013-10-15,4639.494140625,13,1,4.2,133,43.0
2013-10-17,4612.0439453125,8,2,2.6,133,43.0
2013-10-18,4706.8935546875,9,1,2.9,138,44.7
2013-10-21,4730.99365234375,14,0,4.5,148,47.9
2013-10-22,4738.34375,9,0,2.9,159,51.5
2013-10-23,4723.49365234375,14,0,4.5,160,51.8
2013-10-24,4712.99365234375,10,1,3.2,159,51.5
2013-10-25,4693.3935546875,5,1,1.6,158,51.1
2013-10-28,4656.84375,8,1,2.6,147,47.6
2013-10-29,4741.09375,6,0,1.9,160,51.8
2013-10-30,4764.29345703125,4,0,1.3,164,53.1
2013-10-31,4804.84375,13,1,4.2,167,54.0
2013-11-01,4822.99365234375,18,1,5.8,178,57.6
2013-11-05,4808.19384765625,20,1,6.5,189,61.2
2013-11-06,4784.6435546875,19,0,6.1,189,61.2
2013-11-07,4751.99365234375,13,1,4.2,183,59.2
2013-11-08,4725.8935546875,12,1,3.9,180,58.3
2013-11-11,4680.49365234375,10,1,3.2,174,56.3
2013-11-12,4637.34423828125,10,2,3.2,167,54.0
2013-11-13,4614.64404296875,6,3,1.9,164,53.1
2013-11-14,4670.09375,8,1,2.6,173,56.0
2013-11-18,4760.6435546875,14,0,4.5,180,58.3
2013-11-19,4771.74365234375,10,1,3.2,182,58.9
2013-11-20,4720.04345703125,11,1,3.6,177,57.3
2013-11-21,4631.84423828125,4,0,1.3,166,53.7
2013-11-22,4632.4443359375,5,2,1.6,165,53.4
2013-11-25,4715.99365234375,11,2,3.6,175,56.6
2013-11-26,4679.1435546875,12,2,3.9,176,57.0
2013-11-27,4679.84375,12,1,3.9,177,57.3
2013-11-28,4708.79345703125,18,0,5.8,183,59.2
2013-11-29,4770.09375,11,1,3.6,191,61.8
2013-12-02,4804.3935546875,18,0,5.8,197,63.8
2013-12-03,4795.8935546875,14,1,4.5,207,67.0
2013-12-04,4764.54345703125,15,1,4.9,206,66.7
2013-12-05,4814.99365234375,12,1,3.9,211,68.3
2013-12-06,4830.79345703125,8,1,2.6,216,69.9
2013-12-09,4898.1435546875,16,0,5.2,220,71.2
2013-12-10,4873.79345703125,19,1,6.1,214,69.3
2013-12-11,4855.59375,9,1,2.9,207,67.0
2013-12-12,4810.54345703125,11,0,3.6,202,65.4
2013-12-13,4756.04345703125,6,1,1.9,193,62.5
2013-12-16,4755.99365234375,12,2,3.9,189,61.2
2013-12-17,4748.49365234375,16,1,5.2,190,61.5
2013-12-18,4809.6435546875,12,1,3.9,202,65.4
2013-12-19,4780.59375,21,1,6.8,196,63.4
2013-12-20,4861.6435546875,22,1,7.1,209,67.6
2013-12-23,4878.84375,23,0,7.4,221,71.5
2013-12-24,4876.09375,21,0,6.8,221,71.5
2013-12-26,4887.84375,22,0,7.1,228,73.8
2013-12-27,4914.69384765625,18,0,5.8,237,76.7
2013-12-30,4899.94384765625,22,0,7.1,238,77.0
2013-12-31,4914.84375,16,0,5.2,238,77.0
2014-01-01,4921.24365234375,16,0,5.2,241,78.0
2014-01-02,4848.94384765625,14,1,4.5,229,74.1
2014-01-03,4850.6435546875,13,0,4.2,230,74.4
2014-01-06,4845.04345703125,24,0,7.8,230,74.4
2014-01-07,4820.24365234375,20,0,6.5,226,73.1
2014-01-08,4833.54345703125,17,0,5.5,236,76.4
2014-01-09,4820.1435546875,9,1,2.9,231,74.8
2014-01-10,4813.94384765625,13,1,4.2,220,71.2
2014-01-13,4869.94384765625,14,1,4.5,222,71.8
2014-01-14,4850.74365234375,12,1,3.9,217,70.2
2014-01-15,4899.69384765625,8,1,2.6,228,73.8
2014-01-16,4891.3935546875,11,1,3.6,221,71.5
2014-01-17,4841.29345703125,9,2,2.9,212,68.6
2014-01-20,4878.24365234375,7,3,2.3,222,71.8
2014-01-21,4886.69384765625,13,0,4.2,222,71.8
2014-01-22,4903.94384765625,13,0,4.2,226,73.1
2014-01-23,4903.49365234375,9,0,2.9,224,72.5
2014-01-24,4836.69384765625,6,1,1.9,206,66.7
2014-01-27,4725.59375,1,7,0.3,180,58.3
2014-01-28,4720.59375,2,4,0.6,179,57.9
2014-01-29,4720.59375,2,0,0.6,180,58.3
2014-01-30,4675.09375,2,5,0.6,170,55.0
2014-01-31,4709.1435546875,4,1,1.3,180,58.3
2014-02-03,4648.5439453125,9,3,2.9,172,55.7
2014-02-04,4652.494140625,7,4,2.3,173,56.0
2014-02-05,4671.84375,7,0,2.3,179,57.9
2014-02-06,4681.34375,6,0,1.9,180,58.3
2014-02-07,4701.69384765625,9,1,2.9,186,60.2
2014-02-10,4692.54345703125,9,0,2.9,184,59.5
2014-02-11,4699.59375,11,0,3.6,181,58.6
2014-02-12,4711.94384765625,12,1,3.9,175,56.6
2014-02-13,4649.994140625,8,2,2.6,169,54.7
2014-02-14,4677.79345703125,7,2,2.3,165,53.4
2014-02-17,4690.44384765625,7,2,2.3,169,54.7
2014-02-18,4731.49365234375,5,1,1.6,173,56.0
2014-02-19,4752.8935546875,6,2,1.9,179,57.9
2014-02-20,4716.34375,17,2,5.5,175,56.6
2014-02-21,4762.74365234375,17,2,5.5,182,58.9
2014-02-24,4783.1435546875,20,4,6.5,185,59.9
2014-02-25,4793.8935546875,22,2,7.1,184,59.5
2014-02-26,4816.3935546875,24,3,7.8,187,60.5
2014-02-28,4849.49365234375,24,3,7.8,196,63.4
2014-03-03,4816.29345703125,27,5,8.7,189,61.2
2014-03-04,4873.19384765625,21,1,6.8,203,65.7
2014-03-05,4900.84375,24,1,7.8,215,69.6
2014-03-06,4959.09375,24,0,7.8,230,74.4
2014-03-07,5033.84326171875,23,1,7.4,244,79.0
2014-03-10,5046.443359375,22,0,7.1,244,79.0
2014-03-11,5026.943359375,26,0,8.4,243,78.6
2014-03-12,5028.693359375,10,0,3.2,243,78.6
2014-03-13,5007.19384765625,18,0,5.8,244,79.0
2014-03-14,5011.54345703125,8,1,2.6,238,77.0
2014-03-18,5035.39306640625,16,2,5.2,242,78.3
2014-03-19,5044.193359375,15,1,4.9,245,79.3
2014-03-20,5014.79345703125,16,1,5.2,241,78.0
2014-03-21,5031.04296875,17,1,5.5,246,79.6
2014-03-24,5091.193359375,29,1,9.4,249,80.6
2014-03-25,5102.7431640625,24,2,7.8,251,81.2
2014-03-26,5114.693359375,24,1,7.8,251,81.2
2014-03-27,5146.193359375,26,0,8.4,258,83.5
2014-03-28,5202.14306640625,33,1,10.7,269,87.1
2014-03-31,5224.84326171875,53,0,17.2,272,88.0
2014-04-01,5232.84326171875,25,0,8.1,274,88.7
2014-04-02,5272.39306640625,32,0,10.4,281,90.9
2014-04-03,5254.34326171875,29,0,9.4,279,90.3
2014-04-04,5234.4931640625,22,0,7.1,281,90.9
2014-04-07,5234.193359375,24,0,7.8,279,90.3
2014-04-09,5315.2431640625,40,0,12.9,282,91.3
2014-04-10,5328.39306640625,52,0,16.8,282,91.3
2014-04-11,5317.693359375,40,0,12.9,284,91.9
2014-04-15,5278.14306640625,29,0,9.4,282,91.3
2014-04-16,5230.34326171875,19,0,6.1,279,90.3
2014-04-17,5310.7431640625,19,0,6.1,282,91.3
2014-04-21,5347.2431640625,33,0,10.7,284,91.9
2014-04-22,5346.59326171875,43,0,13.9,282,91.3
2014-04-23,5362.443359375,38,0,12.3,284,91.9
2014-04-25,5328.59326171875,34,0,11.0,282,91.3
2014-04-28,5321.4931640625,32,0,10.4,285,92.2
2014-04-29,5286.04296875,29,0,9.4,280,90.6
2014-04-30,5255.64306640625,20,0,6.5,274,88.7
2014-05-02,5260.943359375,19,0,6.1,272,88.0
2014-05-05,5260.29296875,24,0,7.8,271,87.7
2014-05-06,5273.09326171875,20,0,6.5,267,86.4
2014-05-07,5232.84326171875,17,0,5.5,265,85.8
2014-05-08,5236.59326171875,17,0,5.5,264,85.4
2014-05-09,5375.89306640625,26,0,8.4,267,86.4
2014-05-12,5479.69287109375,52,1,16.8,270,87.4
2014-05-13,5562.54248046875,67,0,21.7,274,88.7
2014-05-14,5583.5927734375,44,0,14.2,279,90.3
2014-05-15,5580.29248046875,34,0,11.0,273,88.3
2014-05-16,5655.99267578125,80,1,25.9,276,89.3
2014-05-19,5762.5927734375,105,0,34.0,277,89.6
2014-05-20,5790.9423828125,120,1,38.8,282,91.3
2014-05-21,5792.2919921875,88,0,28.5,284,91.9
2014-05-22,5841.2919921875,116,0,37.5,286,92.6
2014-05-23,5923.64208984375,105,0,34.0,288,93.2
2014-05-26,5883.7421875,117,0,37.9,289,93.5
2014-05-27,5844.1923828125,19,0,6.1,288,93.2
2014-05-28,5861.2421875,17,0,5.5,289,93.5
2014-05-29,5796.4423828125,16,0,5.2,287,92.9
2014-05-30,5802.84228515625,18,0,5.8,293,94.8
2014-06-02,5911.6923828125,27,0,8.7,293,94.8
2014-06-03,5956.84228515625,36,0,11.7,293,94.8
2014-06-04,5972.84228515625,66,0,21.4,293,94.8
2014-06-05,6037.64208984375,74,0,23.9,296,95.8
2014-06-06,6129.9423828125,92,0,29.8,296,95.8
2014-06-09,6196.69189453125,105,0,34.0,296,95.8
2014-06-10,6192.29150390625,67,0,21.7,301,97.4
2014-06-11,6152.54150390625,57,0,18.4,301,97.4
2014-06-12,6168.79150390625,29,0,9.4,301,97.4
2014-06-13,6057.4921875,40,0,12.9,300,97.1
2014-06-16,6056.6923828125,10,0,3.2,299,96.8
2014-06-17,6139.34228515625,24,0,7.8,299,96.8
2014-06-18,6084.84228515625,31,0,10.0,298,96.4
2014-06-19,6064.7421875,21,0,6.8,300,97.1
2014-06-20,6038.59228515625,22,0,7.1,298,96.4
2014-06-23,6037.9423828125,23,0,7.4,296,95.5
2014-06-24,6113.84228515625,34,0,11.0,297,95.8
2014-06-25,6115.14208984375,34,0,11.0,298,96.1
2014-06-26,6065.7919921875,29,0,9.4,296,95.5
2014-06-27,6082.09228515625,33,0,10.6,298,96.1
2014-06-30,6174.19189453125,53,0,17.1,299,96.5
2014-07-01,6199.8916015625,67,0,21.6,299,96.5
2014-07-02,6276.8916015625,69,0,22.3,301,97.1
2014-07-03,6267.19189453125,68,0,21.9,300,96.8
2014-07-04,6297.591796875,54,0,17.4,302,97.4
2014-07-07,6321.99169921875,60,0,19.4,303,97.7
2014-07-08,6152.29150390625,39,0,12.6,300,96.8
2014-07-09,6103.9921875,4,0,1.3,298,96.1
2014-07-10,6105.1923828125,5,0,1.6,296,95.5
2014-07-11,5991.6923828125,9,0,2.9,294,94.8
2014-07-14,5990.6923828125,1,0,0.3,295,95.2
2014-07-15,6067.34228515625,5,0,1.6,296,95.5
2014-07-16,6147.8916015625,10,0,3.2,297,95.8
2014-07-17,6179.44189453125,23,0,7.4,297,95.8
2014-07-18,6184.54150390625,26,0,8.4,298,96.1
2014-07-21,6200.29150390625,18,0,5.8,297,95.8
2014-07-22,6251.341796875,24,0,7.7,299,96.5
2014-07-23,6261.091796875,17,0,5.5,299,96.5
2014-07-24,6278.94189453125,22,0,7.1,298,96.1
2014-07-25,6230.44189453125,25,0,8.1,296,95.5
2014-07-28,6199.99169921875,16,0,5.2,296,95.5
2014-07-30,6232.591796875,16,0,5.2,296,95.5
2014-07-31,6194.44189453125,15,0,4.8,297,95.8
2014-08-01,6111.6923828125,9,0,2.9,296,95.5
2014-08-04,6175.69189453125,16,0,5.2,297,95.8
2014-08-05,6226.44189453125,13,0,4.2,298,96.1
2014-08-06,6173.69189453125,16,0,5.2,297,95.8
2014-08-07,6153.49169921875,11,0,3.5,297,95.8
2014-08-08,6072.64208984375,5,0,1.6,293,94.5
2014-08-11,6117.64208984375,7,0,2.3,292,94.2
2014-08-12,6186.1416015625,10,0,3.2,295,95.2
2014-08-13,6167.19189453125,16,0,5.2,290,93.5
2014-08-14,6215.6416015625,18,1,5.8,291,93.9
2014-08-18,6294.091796875,30,0,9.7,293,94.5
2014-08-19,6328.79150390625,37,0,11.9,294,94.8
2014-08-20,6321.6416015625,43,0,13.9,294,94.8
2014-08-21,6339.341796875,44,0,14.2,295,95.2
2014-08-22,6352.341796875,37,0,11.9,293,94.5
2014-08-25,6332.44189453125,37,0,11.9,292,94.2
2014-08-26,6328.44189453125,28,1,9.0,291,93.9
2014-08-27,6355.1416015625,32,1,10.3,291,93.9
2014-08-28,6360.74169921875,30,1,9.7,290,93.5
2014-09-01,6438.44189453125,43,1,13.9,291,93.9
2014-09-02,6484.341796875,54,0,17.4,292,94.2
2014-09-03,6517.69140625,56,0,18.1,293,94.5
2014-09-04,6501.94189453125,36,0,11.6,293,94.5
2014-09-05,6502.29150390625,41,0,13.2,295,95.2
2014-09-08,6577.9912109375,62,0,20.0,295,95.2
2014-09-09,6577.041015625,65,0,21.0,296,95.5
2014-09-10,6540.2412109375,41,0,13.2,296,95.5
2014-09-11,6554.7412109375,41,0,13.2,297,95.8
2014-09-12,6572.69140625,55,0,17.7,297,95.8
2014-09-15,6540.09130859375,46,0,14.8,294,94.8
2014-09-16,6411.24169921875,51,1,16.5,286,92.3
2014-09-17,6442.49169921875,16,1,5.2,286,92.3
2014-09-18,6559.9912109375,25,0,8.1,293,94.5
2014-09-19,6561.64111328125,41,0,13.2,290,93.5
2014-09-22,6576.59130859375,26,1,8.4,290,93.5
2014-09-23,6464.79150390625,24,0,7.7,282,91.0
2014-09-24,6437.24169921875,4,1,1.3,283,91.3
2014-09-25,6343.1416015625,5,4,1.6,274,88.4
2014-09-26,6396.54150390625,3,2,1.0,273,88.1
2014-09-29,6408.29150390625,5,0,1.6,274,88.4
2014-09-30,6415.69189453125,18,1,5.8,274,88.4
2014-10-01,6398.04150390625,22,1,7.1,272,87.7
2014-10-07,6324.841796875,14,1,4.5,269,86.8
2014-10-08,6316.6416015625,9,2,2.9,269,86.8
2014-10-09,6416.3916015625,11,1,3.5,273,88.1
2014-10-10,6330.341796875,6,2,1.9,270,87.1
2014-10-13,6352.3916015625,6,2,1.9,273,88.1
2014-10-14,6339.8916015625,7,3,2.3,274,88.4
2014-10-16,6225.29150390625,6,5,1.9,265,85.5
2014-10-17,6255.1416015625,4,3,1.3,267,86.1
2014-10-20,6334.79150390625,11,2,3.5,271,87.4
2014-10-21,6378.1416015625,9,0,2.9,275,88.7
2014-10-22,6436.54150390625,11,0,3.5,278,89.7
2014-10-27,6438.8916015625,21,0,6.8,282,91.0
2014-10-28,6465.1416015625,14,0,4.5,281,90.6
2014-10-29,6513.74169921875,18,0,5.8,281,90.6
2014-10-30,6570.291015625,25,0,8.1,281,90.6
2014-10-31,6685.7412109375,37,0,11.9,282,91.0
2014-11-03,6704.291015625,34,0,11.0,286,92.3
2014-11-05,6713.7412109375,37,1,11.9,285,91.9
2014-11-07,6720.94140625,41,0,13.2,281,90.6
2014-11-10,6727.7412109375,35,1,11.3,281,90.6
2014-11-11,6753.09130859375,31,0,10.0,279,90.0
2014-11-12,6777.59130859375,40,0,12.9,279,90.0
2014-11-13,6753.541015625,43,0,13.9,278,89.7
2014-11-14,6785.7412109375,36,0,11.6,279,90.0
2014-11-17,6825.7412109375,36,0,11.6,279,90.0
2014-11-18,6837.34130859375,41,0,13.2,279,90.0
2014-11-19,6797.69140625,48,0,15.5,277,89.4
2014-11-20,6806.291015625,24,0,7.7,276,89.0
2014-11-21,6847.291015625,23,0,7.4,276,89.0
2014-11-24,6880.791015625,23,0,7.4,275,88.7
2014-11-25,6810.44140625,20,1,6.5,271,87.4
2014-11-26,6825.44140625,9,2,2.9,271,87.4
2014-11-27,6845.291015625,19,0,6.1,268,86.5
2014-11-28,6918.04052734375,37,0,11.9,272,87.7
2014-12-01,6898.04052734375,32,0,10.3,266,85.8
2014-12-02,6895.69091796875,27,1,8.7,270,87.1
2014-12-03,6935.54052734375,39,0,12.6,271,87.4
2014-12-04,6960.74072265625,37,0,11.9,273,88.1
2014-12-05,6937.54052734375,38,0,12.3,270,87.1
2014-12-08,6857.14111328125,21,0,6.8,264,85.2
2014-12-09,6767.59130859375,11,0,3.5,254,81.9
2014-12-10,6796.2412109375,7,0,2.3,257,82.9
2014-12-11,6744.94140625,9,0,2.9,251,81.0
2014-12-12,6680.541015625,7,0,2.3,241,77.7
2014-12-15,6667.541015625,4,1,1.3,238,76.8
2014-12-16,6525.19140625,0,5,0.0,227,73.2
2014-12-17,6492.8916015625,0,4,0.0,227,73.2
2014-12-18,6625.59130859375,4,0,1.3,237,76.2
2014-12-19,6670.14111328125,14,0,4.5,240,77.2
2014-12-22,6744.14111328125,8,0,2.6,244,78.5
2014-12-23,6702.9912109375,9,0,2.9,241,77.5
2014-12-24,6650.59130859375,6,1,1.9,241,77.5
2014-12-26,6674.791015625,4,1,1.3,243,78.1
2014-12-29,6718.59130859375,10,1,3.2,242,77.8
2014-12-30,6733.7412109375,7,0,2.3,246,79.1
2014-12-31,6773.64111328125,16,0,5.1,247,79.4
2015-01-01,6786.09130859375,20,0,6.4,251,80.7
2015-01-02,6866.44140625,31,0,10.0,252,81.0
2015-01-05,6857.44140625,27,0,8.7,247,79.4
2015-01-06,6656.791015625,6,1,1.9,237,76.2
2015-01-07,6644.94140625,9,3,2.9,233,74.9
2015-01-08,6755.44140625,21,1,6.8,241,77.5
2015-01-09,6782.9912109375,23,0,7.4,239,76.8
2015-01-12,6815.041015625,25,0,8.0,242,77.8
2015-01-13,6801.39111328125,20,0,6.4,240,77.2
2015-01-14,6787.14111328125,24,0,7.7,236,75.9
2015-01-15,6937.49072265625,32,0,10.3,240,77.2
2015-01-16,6961.44091796875,27,0,8.7,242,77.8
2015-01-19,6992.140625,30,0,9.6,243,78.1
2015-01-20,7080.640625,29,0,9.3,244,78.5
2015-01-21,7099.5908203125,33,0,10.6,248,79.7
2015-01-22,7121.8408203125,38,0,12.2,243,78.1
2015-01-23,7170.24072265625,40,0,12.9,243,78.1
2015-01-27,7229.04052734375,46,0,14.8,246,79.1
2015-01-28,7241.54052734375,44,0,14.1,241,77.5
2015-01-29,7257.24072265625,33,0,10.6,246,79.1
2015-01-30,7166.69091796875,29,0,9.3,241,77.5
2015-02-02,7172.890625,29,0,9.3,240,77.2
2015-02-03,7137.44091796875,34,2,10.9,233,74.9
2015-02-04,7108.74072265625,24,2,7.7,231,74.3
2015-02-05,7076.640625,14,0,4.5,226,72.7
2015-02-06,7029.44091796875,9,1,2.9,222,71.4
2015-02-09,6922.3408203125,6,4,1.9,212,68.2
2015-02-10,6959.890625,7,2,2.3,212,68.2
2015-02-11,7031.79052734375,18,1,5.8,218,70.1
2015-02-12,7108.19091796875,23,1,7.4,224,72.0
2015-02-13,7176.19091796875,28,0,9.0,224,72.0
2015-02-16,7174.99072265625,22,0,7.1,221,71.1
2015-02-18,7228.54052734375,30,0,9.6,223,71.7
2015-02-19,7242.8408203125,29,0,9.3,224,72.0
2015-02-20,7209.390625,20,0,6.4,223,71.7
2015-02-23,7147.54052734375,17,0,5.5,219,70.4
2015-02-24,7146.5908203125,7,0,2.3,218,70.1
2015-02-25,7144.19091796875,10,1,3.2,221,71.1
2015-02-26,7077.49072265625,5,1,1.6,220,70.7
2015-02-27,7210.29052734375,6,0,1.9,225,72.3
2015-03-02,7299.64013671875,28,1,9.0,226,72.7
2015-03-03,7345.5400390625,32,0,10.3,229,73.6
2015-03-04,7279.7900390625,45,0,14.5,220,70.7
2015-03-05,7303.34033203125,21,0,6.8,223,71.7
2015-03-09,7171.49072265625,17,0,5.5,215,69.1
2015-03-10,7141.69091796875,21,0,6.8,220,70.7
2015-03-11,7126.5908203125,13,1,4.2,219,70.4
2015-03-12,7202.5908203125,17,0,5.5,225,72.3
2015-03-13,7099.890625,21,1,6.8,216,69.5
2015-03-16,7078.94091796875,3,4,1.0,209,67.2
2015-03-17,7154.04052734375,13,3,4.2,216,69.5
2015-03-18,7137.04052734375,15,1,4.8,216,69.5
2015-03-19,7096.74072265625,14,1,4.5,213,68.5
2015-03-20,7028.19091796875,6,4,1.9,202,65.0
2015-03-23,6997.5908203125,1,3,0.3,198,63.7
2015-03-24,6984.74072265625,1,6,0.3,197,63.3
2015-03-25,6972.44091796875,2,9,0.6,196,63.0
2015-03-26,6846.2412109375,1,14,0.3,190,61.1
2015-03-27,6846.59130859375,1,13,0.3,191,61.4
2015-03-30,6969.94091796875,5,3,1.6,198,63.5
2015-03-31,6978.140625,14,2,4.5,202,64.7
2015-04-01,7060.19091796875,17,0,5.4,205,65.7
2015-04-06,7126.74072265625,27,0,8.7,210,67.3
2015-04-07,7144.390625,34,0,10.9,212,67.9
2015-04-08,7193.5908203125,38,0,12.2,214,68.6
2015-04-09,7233.99072265625,20,0,6.4,217,69.3
2015-04-10,7246.04052734375,16,0,5.1,222,70.9
2015-04-13,7286.1904296875,25,0,8.0,223,71.2
2015-04-15,7224.19091796875,27,0,8.6,221,70.6
2015-04-16,7183.3408203125,7,1,2.2,217,69.3
2015-04-17,7093.8408203125,7,0,2.2,214,68.4
2015-04-20,6957.99072265625,4,2,1.3,198,63.3
2015-04-21,6907.99072265625,1,3,0.3,198,63.3
2015-04-22,6937.99072265625,0,2,0.0,203,64.9
2015-04-23,6922.390625,1,1,0.3,195,62.3
2015-04-24,6826.541015625,0,2,0.0,189,60.4
2015-04-27,6723.89111328125,1,4,0.3,172,55.0
2015-04-28,6794.64111328125,2,3,0.6,179,57.2
2015-04-29,6781.69140625,3,4,1.0,180,57.5
2015-04-30,6749.64111328125,3,5,1.0,176,56.2
2015-05-04,6873.39111328125,5,2,1.6,192,61.3
2015-05-05,6878.4912109375,5,0,1.6,193,61.7
2015-05-06,6680.89111328125,3,6,1.0,172,55.0
2015-05-07,6616.84130859375,1,14,0.3,163,52.1
2015-05-08,6728.89111328125,2,8,0.6,165,52.7
2015-05-11,6838.9912109375,3,1,1.0,184,58.8
2015-05-12,6689.39111328125,1,5,0.3,169,54.0
2015-05-13,6780.39111328125,5,5,1.6,173,55.3
2015-05-14,6796.7412109375,6,3,1.9,176,56.2
2015-05-15,6827.041015625,6,3,1.9,179,57.2
2015-05-18,6910.8408203125,5,2,1.6,186,59.4
2015-05-19,6909.69091796875,7,1,2.2,186,59.4
2015-05-20,6944.390625,4,1,1.3,189,60.4
2015-05-21,6938.74072265625,4,2,1.3,192,61.3
2015-05-22,6964.44091796875,5,3,1.6,191,61.0
2015-05-25,6911.140625,4,4,1.3,192,61.3
2015-05-26,6890.5908203125,7,3,2.2,185,59.1
2015-05-27,6885.09130859375,3,3,1.0,189,60.4
2015-05-28,6867.7412109375,6,6,1.9,187,59.7
2015-05-29,6959.8408203125,15,4,4.8,191,61.0
2015-06-01,6957.44091796875,12,5,3.8,191,61.0
2015-06-02,6799.44140625,3,11,1.0,168,53.7
2015-06-03,6703.44140625,1,33,0.3,155,49.5
2015-06-04,6704.7412109375,0,16,0.0,153,48.9
2015-06-05,6700.69140625,4,13,1.3,157,50.2
2015-06-08,6631.291015625,3,18,1.0,146,46.6
2015-06-09,6612.89111328125,4,19,1.3,143,45.7
2015-06-10,6691.2412109375,4,6,1.3,150,47.9
2015-06-11,6568.4912109375,4,16,1.3,141,45.0
2015-06-12,6577.39111328125,0,22,0.0,137,43.8
2015-06-15,6600.64111328125,0,15,0.0,137,43.8
2015-06-16,6626.9912109375,2,11,0.6,144,46.0
2015-06-17,6680.791015625,8,3,2.6,149,47.6
2015-06-18,6746.84130859375,10,3,3.2,155,49.5
2015-06-19,6785.09130859375,11,5,3.5,159,50.8
2015-06-22,6889.69091796875,12,2,3.8,167,53.4
2015-06-23,6912.44091796875,15,0,4.8,170,54.3
2015-06-24,6887.791015625,12,0,3.8,172,55.0
2015-06-25,6917.54052734375,5,3,1.6,172,55.0
2015-06-26,6908.8408203125,10,1,3.2,172,55.0
2015-06-29,6843.94140625,3,16,1.0,167,53.4
2015-06-30,6897.19091796875,10,6,3.2,170,54.3
2015-07-01,6972.29052734375,17,0,5.4,177,56.5
2015-07-02,6983.3408203125,21,2,6.7,182,58.1
2015-07-03,7003.94091796875,20,3,6.4,180,57.5
2015-07-06,7043.390625,21,8,6.7,189,60.4
2015-07-07,7051.04052734375,21,2,6.7,186,59.4
2015-07-08,6939.69091796875,16,10,5.1,177,56.5
2015-07-09,6915.3408203125,7,5,2.2,177,56.5
2015-07-10,6935.54052734375,5,7,1.6,176,56.2
2015-07-13,7016.54052734375,13,2,4.2,189,60.4
2015-07-14,7020.24072265625,20,3,6.4,189,60.4
2015-07-15,7065.640625,14,0,4.5,194,62.0
2015-07-16,7136.79052734375,21,2,6.7,194,62.0
2015-07-17,7148.04052734375,24,1,7.7,196,62.6
2015-07-20,7148.49072265625,27,1,8.6,204,65.2
2015-07-21,7070.29052734375,22,8,7.0,194,62.0
2015-07-22,7149.44091796875,19,8,6.1,196,62.6
2015-07-23,7129.3408203125,30,4,9.6,200,63.9
2015-07-24,7074.94091796875,16,3,5.1,192,61.3
2015-07-27,6955.3408203125,9,16,2.9,190,60.7
2015-07-28,6935.640625,15,21,4.8,182,58.1
2015-07-29,6974.140625,20,13,6.4,189,60.4
2015-07-30,7019.5908203125,32,7,10.2,193,61.7
2015-07-31,7106.19091796875,23,5,7.3,201,64.0
2015-08-03,7128.99072265625,34,3,10.8,207,65.9
2015-08-04,7136.29052734375,36,3,11.5,209,66.6
2015-08-05,7186.24072265625,51,1,16.2,216,68.8
2015-08-06,7201.99072265625,25,0,8.0,215,68.5
2015-08-07,7183.8408203125,21,1,6.7,212,67.5
2015-08-10,7157.54052734375,18,1,5.7,213,67.8
2015-08-11,7101.0908203125,14,3,4.4,204,64.8
2015-08-12,6986.44091796875,7,12,2.2,194,61.6
2015-08-13,6976.5908203125,8,18,2.5,186,59.0
2015-08-14,7112.49072265625,11,10,3.5,193,61.3
2015-08-17,7098.69091796875,13,4,4.1,199,63.2
2015-08-18,7106.390625,22,3,7.0,201,63.8
2015-08-19,7125.8408203125,23,6,7.3,201,63.8
2015-08-20,7016.94091796875,15,13,4.8,187,59.4
2015-08-21,6960.99072265625,7,20,2.2,183,58.1
2015-08-24,6493.841796875,0,52,0.0,126,40.0
2015-08-25,6569.84130859375,1,57,0.3,135,42.9
2015-08-26,6513.341796875,0,4,0.0,123,39.0
2015-08-27,6657.2412109375,0,0,0.0,147,46.7
2015-08-28,6694.44140625,1,1,0.3,142,45.1
2015-08-31,6669.34130859375,2,0,0.6,135,42.9
2015-09-01,6522.2412109375,1,3,0.3,124,39.4
2015-09-02,6475.6416015625,2,9,0.6,124,39.4
2015-09-03,6560.041015625,3,3,1.0,125,39.7
2015-09-04,6421.04150390625,1,22,0.3,121,38.4
2015-09-07,6323.3916015625,1,12,0.3,109,34.6
2015-09-08,6406.99169921875,1,11,0.3,112,35.6
2015-09-09,6522.291015625,1,2,0.3,128,40.6
2015-09-10,6504.49169921875,3,5,1.0,128,40.6
2015-09-11,6511.54150390625,4,3,1.3,129,41.0
2015-09-14,6582.69140625,1,1,0.3,131,41.6
2015-09-15,6543.2412109375,1,0,0.3,128,40.6
2015-09-16,6571.59130859375,1,0,0.3,133,42.2
2015-09-18,6636.94140625,8,2,2.5,139,44.1
2015-09-21,6647.14111328125,9,3,2.9,141,44.8
2015-09-22,6528.541015625,7,2,2.2,129,41.0
2015-09-23,6553.89111328125,3,6,1.0,133,42.2
2015-09-24,6573.89111328125,7,5,2.2,141,44.8
2015-09-28,6524.2412109375,9,5,2.9,136,43.2
2015-09-29,6552.34130859375,6,12,1.9,135,42.9
2015-09-30,6646.09130859375,8,0,2.5,147,46.7
2015-10-01,6654.4912109375,7,3,2.2,145,46.0
2015-10-05,6789.09130859375,3,1,1.0,154,48.9
2015-10-06,6818.64111328125,10,1,3.2,162,51.4
2015-10-07,6835.791015625,10,0,3.2,164,52.1
2015-10-08,6793.791015625,6,0,1.9,161,51.1
2015-10-09,6829.39111328125,6,0,1.9,163,51.7
2015-10-12,6802.291015625,5,0,1.6,158,50.2
2015-10-13,6797.541015625,3,0,1.0,166,52.7
2015-10-14,6786.041015625,4,0,1.3,166,52.7
2015-10-15,6834.041015625,8,0,2.5,171,54.3
2015-10-16,6870.84130859375,4,0,1.3,174,55.2
2015-10-19,6907.69091796875,12,0,3.8,173,54.9
2015-10-20,6907.0908203125,18,0,5.7,177,56.2
2015-10-21,6895.74072265625,12,1,3.8,173,54.9
2015-10-23,6913.04052734375,10,0,3.2,170,54.0
2015-10-26,6882.59130859375,5,1,1.6,167,53.0
2015-10-27,6870.34130859375,5,2,1.6,168,53.3
2015-10-28,6828.14111328125,9,2,2.9,162,51.4
2015-10-29,6784.84130859375,8,1,2.5,164,52.1
2015-10-30,6750.94140625,9,3,2.9,157,49.8
2015-11-02,6740.89111328125,6,5,1.9,154,48.9
2015-11-03,6755.14111328125,9,1,2.9,157,49.8
2015-11-04,6741.19140625,4,1,1.3,158,50.2
2015-11-05,6661.69140625,2,4,0.6,152,48.3
2015-11-06,6650.09130859375,1,2,0.3,143,45.3
2015-11-09,6641.39111328125,3,10,0.9,149,47.2
2015-11-10,6536.44140625,4,8,1.3,138,43.5
2015-11-13,6526.59130859375,6,7,1.9,139,43.8
2015-11-16,6551.44140625,8,8,2.5,139,43.8
2015-11-17,6580.791015625,13,0,4.1,143,45.1
2015-11-18,6507.54150390625,8,3,2.5,142,44.8
2015-11-19,6594.541015625,7,3,2.2,151,47.6
2015-11-20,6615.64111328125,9,2,2.8,160,50.5
2015-11-23,6615.4912109375,8,2,2.5,157,49.5
2015-11-24,6609.09130859375,5,4,1.6,160,50.5
2015-11-26,6644.89111328125,6,4,1.9,166,52.4
2015-11-27,6686.89111328125,8,2,2.5,165,52.1
2015-11-30,6686.09130859375,6,2,1.9,171,53.9
2015-12-01,6712.4912109375,9,4,2.8,176,55.5
2015-12-02,6699.791015625,7,2,2.2,182,57.4
2015-12-03,6649.4912109375,11,2,3.5,170,53.6
2015-12-04,6584.89111328125,4,4,1.3,165,52.1
2015-12-07,6576.84130859375,6,3,1.9,167,52.7
2015-12-08,6515.1416015625,4,11,1.3,163,51.4
2015-12-09,6425.341796875,1,18,0.3,146,46.1
2015-12-10,6484.24169921875,3,15,0.9,155,48.9
2015-12-11,6425.44189453125,3,14,0.9,146,46.1
2015-12-14,6457.591796875,5,15,1.6,150,47.3
2015-12-15,6501.74169921875,4,6,1.3,160,50.5
2015-12-16,6535.44140625,4,3,1.3,160,50.5
2015-12-17,6621.7412109375,6,1,1.9,175,55.2
2015-12-18,6570.791015625,6,0,1.9,174,54.9
2015-12-21,6628.041015625,10,1,3.2,179,56.5
2015-12-22,6595.84130859375,7,1,2.2,175,55.2
2015-12-23,6652.7412109375,12,0,3.8,175,54.9
2015-12-24,6656.7412109375,9,1,2.8,176,55.2
2015-12-28,6700.69140625,9,0,2.8,182,57.1
2015-12-29,6705.2412109375,11,0,3.4,182,57.1
2015-12-30,6685.44140625,11,3,3.4,185,58.0
2015-12-31,6724.7412109375,15,3,4.7,183,57.4
2016-01-01,6753.64111328125,18,0,5.6,191,59.9
2016-01-04,6630.791015625,10,4,3.1,178,55.8
2016-01-05,6639.4912109375,13,6,4.1,185,58.0
2016-01-06,6607.64111328125,10,5,3.1,184,57.5
2016-01-07,6446.841796875,7,11,2.2,169,52.8
2016-01-08,6490.841796875,3,8,0.9,173,54.1
2016-01-11,6451.841796875,6,19,1.9,170,53.1
2016-01-12,6405.44189453125,2,20,0.6,161,50.3
2016-01-13,6415.94189453125,5,37,1.6,152,47.5
2016-01-14,6378.19189453125,3,34,0.9,137,42.8
2016-01-15,6262.3916015625,2,35,0.6,114,35.6
2016-01-18,6149.1416015625,2,63,0.6,92,28.7
2016-01-19,6225.19189453125,2,29,0.6,100,31.2
2016-01-20,6115.7421875,2,50,0.6,84,26.2
2016-01-21,6092.0419921875,2,28,0.6,89,27.8
2016-01-22,6216.69189453125,2,11,0.6,101,31.6
2016-01-25,6234.44189453125,4,8,1.2,107,33.4
2016-01-27,6242.3916015625,4,9,1.2,107,33.4
2016-01-28,6229.99169921875,3,11,0.9,107,33.4
2016-01-29,6339.44189453125,3,8,0.9,119,37.2
2016-02-01,6341.591796875,5,5,1.6,126,39.4
2016-02-02,6252.19189453125,7,9,2.2,116,36.2
2016-02-03,6166.19189453125,4,33,1.2,94,29.4
2016-02-04,6186.24169921875,2,20,0.6,91,28.4
2016-02-05,6270.49169921875,4,10,1.2,110,34.4
2016-02-08,6209.79150390625,4,6,1.2,99,30.9
2016-02-09,6125.59228515625,2,13,0.6,91,28.4
2016-02-10,6051.9423828125,2,40,0.6,82,25.6
2016-02-11,5843.1923828125,2,79,0.6,55,17.2
2016-02-12,5833.39208984375,3,100,0.9,56,17.5
2016-02-15,5999.0419921875,2,8,0.6,66,20.6
2016-02-16,5889.09228515625,2,14,0.6,57,17.8
2016-02-17,5930.14208984375,2,32,0.6,59,18.4
2016-02-18,5988.7919921875,2,4,0.6,60,18.8
2016-02-19,6000.39208984375,2,7,0.6,63,19.7
2016-02-22,6024.14208984375,4,5,1.2,68,21.2
2016-02-23,5930.89208984375,3,11,0.9,60,18.8
2016-02-24,5859.7421875,2,21,0.6,57,17.8
2016-02-25,5816.4921875,3,26,0.9,50,15.6
2016-02-26,5852.89208984375,3,31,0.9,48,15.0
2016-02-29,5829.9423828125,3,48,0.9,46,14.4
2016-03-01,6020.0419921875,3,14,0.9,65,20.3
2016-03-02,6137.14208984375,5,1,1.6,73,22.8
2016-03-03,6218.3916015625,3,1,0.9,85,26.6
2016-03-04,6239.341796875,4,1,1.2,90,28.1
2016-03-08,6243.6416015625,7,1,2.2,93,29.1
2016-03-09,6275.091796875,3,2,0.9,99,30.9
2016-03-10,6242.94189453125,3,4,0.9,95,29.7
2016-03-11,6258.44189453125,5,3,1.6,94,29.4
2016-03-14,6282.69189453125,5,2,1.6,100,31.2
2016-03-15,6222.6416015625,3,3,0.9,93,29.1
2016-03-16,6238.44189453125,5,3,1.6,90,28.1
2016-03-17,6255.74169921875,7,2,2.2,96,30.0
2016-03-18,6322.6416015625,5,3,1.6,101,31.6
2016-03-21,6406.69189453125,9,2,2.8,117,36.6
2016-03-22,6418.29150390625,9,1,2.8,124,38.8
2016-03-23,6423.69189453125,12,2,3.8,132,41.2
2016-03-28,6334.69189453125,7,3,2.2,111,34.7
2016-03-29,6322.99169921875,6,7,1.9,114,35.6
2016-03-30,6436.69189453125,12,1,3.8,138,43.1
2016-03-31,6452.1416015625,14,2,4.4,137,42.8
2016-04-01,6445.49169921875,8,2,2.5,139,43.4
2016-04-04,6479.591796875,9,1,2.8,154,48.1
2016-04-05,6358.341796875,4,1,1.2,128,40.0
2016-04-06,6377.99169921875,8,1,2.5,139,43.4
2016-04-07,6329.79150390625,8,1,2.5,131,40.9
2016-04-08,6346.6416015625,7,2,2.2,140,43.8
2016-04-11,6430.591796875,10,1,3.1,147,45.9
2016-04-12,6470.091796875,17,1,5.3,157,49.1
2016-04-13,6575.34130859375,20,1,6.2,170,53.1
2016-04-18,6635.041015625,17,1,5.3,181,56.6
2016-04-20,6643.291015625,18,1,5.6,189,59.1
2016-04-21,6634.291015625,13,2,4.1,188,58.8
2016-04-22,6627.94140625,5,3,1.6,187,58.4
2016-04-25,6593.44140625,6,2,1.9,179,55.9
2016-04-26,6669.4912109375,12,1,3.8,186,58.1
2016-04-27,6684.291015625,13,2,4.1,189,59.1
2016-04-28,6583.14111328125,9,2,2.8,177,55.3
2016-04-29,6588.541015625,7,3,2.2,177,55.3
2016-05-02,6580.14111328125,12,3,3.8,179,55.9
2016-05-03,6533.541015625,13,2,4.1,176,55.0
2016-05-04,6484.341796875,6,1,1.9,169,52.8
2016-05-05,6500.04150390625,6,4,1.9,170,53.1
2016-05-06,6504.54150390625,6,4,1.9,166,51.9
2016-05-09,6603.2412109375,11,4,3.4,173,54.1
2016-05-10,6617.2412109375,11,3,3.4,177,55.3
2016-05-11,6592.9912109375,15,4,4.7,176,55.0
2016-05-12,6640.89111328125,19,1,5.9,187,58.4
2016-05-13,6582.291015625,22,2,6.9,182,56.7
2016-05-16,6608.2412109375,16,3,5.0,186,57.9
2016-05-17,6629.69140625,17,1,5.3,187,58.3
2016-05-18,6621.541015625,9,3,2.8,193,60.1
2016-05-19,6546.4912109375,6,1,1.9,180,56.1
2016-05-20,6513.091796875,4,6,1.2,175,54.5
2016-05-23,6495.24169921875,8,8,2.5,167,52.0
2016-05-24,6498.591796875,9,14,2.8,161,50.2
2016-05-25,6626.84130859375,13,6,4.0,173,53.9
2016-05-26,6725.19140625,20,5,6.2,179,55.8
2016-05-27,6796.9912109375,24,4,7.5,184,57.3
2016-05-30,6820.291015625,25,5,7.8,187,58.3
2016-05-31,6803.9912109375,22,5,6.9,186,57.9
2016-06-01,6815.44140625,17,5,5.3,190,59.2
2016-06-02,6849.19140625,18,6,5.6,194,60.4
2016-06-03,6844.7412109375,30,4,9.3,191,59.5
2016-06-06,6832.291015625,13,3,4.0,194,60.4
2016-06-07,6884.14111328125,16,2,5.0,203,63.2
2016-06-08,6901.79052734375,17,2,5.3,202,62.9
2016-06-09,6857.7412109375,14,2,4.4,208,64.8
2016-06-10,6832.041015625,15,1,4.7,206,64.2
2016-06-13,6785.14111328125,12,2,3.7,203,63.2
2016-06-14,6793.84130859375,9,1,2.8,206,64.2
2016-06-15,6865.041015625,11,1,3.4,215,66.8
2016-06-16,6819.84130859375,14,2,4.3,212,65.8
2016-06-17,6842.34130859375,12,2,3.7,216,67.1
2016-06-20,6891.29052734375,11,3,3.4,218,67.7
2016-06-21,6886.14111328125,10,1,3.1,219,68.0
2016-06-22,6870.9912109375,9,1,2.8,217,67.4
2016-06-23,6910.54052734375,13,2,4.0,219,68.0
2016-06-24,6775.541015625,9,8,2.8,201,62.4
2016-06-27,6803.69140625,21,2,6.5,206,64.0
2016-06-28,6837.7412109375,16,1,5.0,218,67.7
2016-06-29,6907.0908203125,26,1,8.1,222,68.9
2016-06-30,6980.79052734375,39,1,12.1,233,72.4
2016-07-01,7027.8408203125,47,1,14.6,239,74.0
2016-07-04,7071.8408203125,37,1,11.5,246,76.2
2016-07-05,7050.99072265625,29,2,9.0,250,77.4
2016-07-07,7050.0908203125,25,2,7.7,247,76.5
2016-07-08,7039.390625,19,2,5.9,243,75.2
2016-07-11,7151.3408203125,37,1,11.5,252,78.0
2016-07-12,7192.24072265625,38,2,11.8,251,77.7
2016-07-13,7176.99072265625,23,2,7.1,248,76.8
2016-07-14,7215.3408203125,26,1,8.0,249,77.1
2016-07-15,7194.390625,29,1,9.0,246,76.2
2016-07-18,7162.24072265625,28,1,8.7,244,75.5
2016-07-19,7178.19091796875,16,1,5.0,241,74.6
2016-07-20,7221.29052734375,25,1,7.7,250,77.4
2016-07-21,7186.69091796875,32,1,9.9,246,75.9
2016-07-22,7227.44091796875,26,1,8.0,248,76.5
2016-07-25,7305.59033203125,45,1,13.9,253,78.1
2016-07-26,7269.990234375,42,1,13.0,250,77.2
2016-07-27,7297.89013671875,29,1,9.0,249,76.9
2016-07-28,7338.64013671875,38,1,11.7,255,78.7
2016-07-29,7329.990234375,42,1,13.0,253,78.1
2016-08-01,7335.0400390625,52,1,16.0,251,77.5
2016-08-02,7310.89013671875,35,1,10.8,250,77.2
2016-08-03,7232.79052734375,13,1,4.0,244,75.3
2016-08-04,7248.54052734375,12,2,3.7,244,75.3
2016-08-05,7364.0400390625,33,1,10.2,256,79.0
2016-08-08,7398.240234375,41,2,12.7,259,79.9
2016-08-09,7368.4404296875,25,2,7.7,261,80.6
2016-08-10,7276.990234375,17,4,5.2,255,78.7
2016-08-11,7289.490234375,15,2,4.6,254,78.4
2016-08-12,7347.4404296875,19,2,5.9,255,78.7
2016-08-16,7339.240234375,26,2,8.0,248,76.5
2016-08-17,7343.6904296875,29,2,9.0,251,77.5
2016-08-18,7390.1904296875,36,1,11.1,255,78.7
2016-08-19,7397.7900390625,38,3,11.7,259,79.9
2016-08-22,7363.7900390625,29,2,9.0,258,79.6
2016-08-23,7359.740234375,20,3,6.2,256,79.0
2016-08-24,7386.0400390625,27,4,8.3,259,79.9
2016-08-25,7343.490234375,31,4,9.6,264,81.5
2016-08-26,7334.7900390625,20,5,6.2,259,79.9
2016-08-29,7360.990234375,24,7,7.4,255,78.7
2016-08-30,7461.9404296875,35,4,10.8,260,80.2
2016-08-31,7490.64013671875,43,1,13.2,258,79.4
2016-09-01,7474.2900390625,34,2,10.5,256,78.8
2016-09-02,7504.59033203125,36,2,11.1,259,79.7
2016-09-06,7614.990234375,49,3,15.1,264,81.2
2016-09-07,7607.1904296875,53,1,16.3,264,81.2
2016-09-08,7642.68994140625,41,3,12.6,268,82.5
2016-09-09,7575.5400390625,30,2,9.2,265,81.5
2016-09-12,7420.490234375,6,2,1.8,261,80.3
2016-09-14,7455.2900390625,10,4,3.1,260,80.0
2016-09-15,7462.6904296875,15,3,4.6,261,80.3
2016-09-16,7487.1904296875,15,4,4.6,259,79.7
2016-09-19,7513.7900390625,12,1,3.7,262,80.6
2016-09-20,7490.2900390625,12,1,3.7,259,79.7
2016-09-21,7491.6904296875,13,1,4.0,260,80.0
2016-09-22,7572.990234375,25,3,7.7,264,81.2
2016-09-23,7554.89013671875,29,1,8.9,262,80.4
2016-09-26,7479.740234375,16,3,4.9,257,78.8
2016-09-27,7469.9404296875,22,3,6.7,258,79.1
2016-09-28,7514.9404296875,22,2,6.7,258,79.1
2016-09-29,7336.84033203125,32,9,9.8,245,74.9
2016-09-30,7394.84033203125,11,6,3.4,248,75.8
2016-10-03,7532.240234375,35,1,10.7,262,80.1
2016-10-04,7567.6904296875,47,2,14.4,263,80.4
2016-10-05,7565.490234375,45,2,13.8,266,81.3
2016-10-06,7537.240234375,40,2,12.2,264,80.7
2016-10-07,7527.1904296875,18,3,5.5,266,81.3
2016-10-10,7532.6904296875,27,3,8.3,264,80.7
2016-10-13,7418.34033203125,13,4,4.0,257,78.6
2016-10-14,7439.84033203125,18,3,5.5,256,78.3
2016-10-17,7384.490234375,22,3,6.7,253,77.4
2016-10-18,7512.2900390625,21,2,6.4,259,79.2
2016-10-19,7507.6904296875,27,1,8.2,260,79.3
2016-10-20,7538.7900390625,29,1,8.8,261,79.6
2016-10-21,7541.6904296875,28,1,8.5,265,80.8
2016-10-24,7551.5400390625,28,1,8.5,263,80.2
2016-10-25,7541.490234375,21,2,6.4,264,80.5
2016-10-26,7476.740234375,20,2,6.1,265,80.8
2016-10-27,7452.14013671875,12,3,3.7,259,79.0
2016-10-28,7494.09033203125,16,3,4.9,260,79.3
2016-11-01,7502.1904296875,35,2,10.7,261,79.6
2016-11-02,7391.39013671875,10,4,3.0,260,79.3
2016-11-03,7344.09033203125,11,6,3.4,253,77.1
2016-11-04,7274.09033203125,4,8,1.2,242,73.8
2016-11-07,7330.9404296875,7,2,2.1,247,75.1
2016-11-08,7366.0400390625,9,6,2.7,248,75.2
2016-11-09,7247.44091796875,4,38,1.2,233,70.6
2016-11-10,7342.2900390625,18,2,5.5,241,73.0
2016-11-11,7126.49072265625,10,2,3.0,222,67.3
2016-11-15,6916.44091796875,4,10,1.2,191,57.9
2016-11-16,6928.0908203125,4,8,1.2,198,60.0
2016-11-17,6903.44091796875,4,6,1.2,192,58.2
2016-11-18,6908.49072265625,5,5,1.5,189,57.3
2016-11-21,6761.541015625,7,12,2.1,168,50.9
2016-11-22,6835.291015625,5,14,1.5,175,53.0
2016-11-23,6882.64111328125,4,5,1.2,189,57.3
2016-11-24,6837.4912109375,6,3,1.8,184,55.8
2016-11-25,6960.74072265625,7,2,2.1,198,60.0
2016-11-28,6983.390625,11,1,3.3,206,62.4
2016-11-29,7003.5908203125,11,1,3.3,213,64.5
2016-11-30,7079.390625,7,1,2.1,224,67.9
2016-12-01,7040.24072265625,9,1,2.7,220,66.7
2016-12-02,6947.29052734375,7,1,2.1,205,62.1
2016-12-05,6984.24072265625,5,1,1.5,208,63.0
2016-12-06,7001.5908203125,7,1,2.1,207,62.7
2016-12-07,6971.19091796875,6,1,1.8,206,62.4
2016-12-08,7089.24072265625,10,1,3.0,220,66.7
2016-12-09,7101.140625,11,1,3.3,223,67.6
2016-12-12,7023.19091796875,9,1,2.7,210,63.6
2016-12-13,7045.3408203125,7,1,2.1,208,63.0
2016-12-14,7004.640625,5,2,1.5,201,60.9
2016-12-15,6989.24072265625,5,1,1.5,201,60.9
2016-12-16,6976.49072265625,4,2,1.2,198,60.0
2016-12-19,6943.3408203125,5,2,1.5,191,57.7
2016-12-20,6908.0908203125,4,3,1.2,186,56.2
2016-12-21,6895.99072265625,4,2,1.2,183,55.3
2016-12-22,6816.34130859375,3,5,0.9,177,53.5
2016-12-23,6814.89111328125,3,5,0.9,175,52.9
2016-12-26,6724.44140625,2,8,0.6,153,46.2
2016-12-27,6831.9912109375,2,5,0.6,164,49.5
2016-12-28,6847.39111328125,4,2,1.2,168,50.8
2016-12-29,6915.44091796875,4,1,1.2,182,55.0
2016-12-30,6982.79052734375,4,1,1.2,188,56.8
2017-01-02,7002.49072265625,7,1,2.1,190,57.4
2017-01-03,7028.74072265625,13,1,3.9,196,59.2
2017-01-04,7030.74072265625,12,1,3.6,199,60.1
2017-01-05,7106.890625,14,1,4.2,206,62.2
2017-01-06,7083.0908203125,10,2,3.0,205,61.9
2017-01-09,7085.140625,8,2,2.4,202,61.0
2017-01-10,7132.19091796875,12,2,3.6,203,61.3
2017-01-11,7214.140625,19,1,5.7,213,64.4
2017-01-12,7231.8408203125,20,1,6.0,216,65.3
2017-01-13,7228.29052734375,13,1,3.9,216,65.3
2017-01-16,7247.94091796875,12,1,3.6,214,64.7
2017-01-17,7243.640625,15,1,4.5,217,65.6
2017-01-18,7268.990234375,18,1,5.4,222,67.1
2017-01-19,7287.740234375,19,1,5.7,228,68.9
2017-01-20,7202.74072265625,13,2,3.9,217,65.6
2017-01-23,7242.54052734375,11,2,3.3,214,64.7
2017-01-24,7315.240234375,30,2,9.1,225,68.0
2017-01-25,7417.6904296875,32,2,9.7,232,70.1
2017-01-27,7455.14013671875,36,1,10.9,236,71.3
2017-01-30,7452.14013671875,15,1,4.5,239,72.2
2017-01-31,7379.2900390625,16,2,4.8,228,68.9
2017-02-01,7516.0400390625,16,1,4.8,242,73.1
2017-02-02,7547.09033203125,34,1,10.3,249,75.2
2017-02-03,7569.89013671875,31,1,9.3,256,77.1
2017-02-06,7628.09033203125,49,2,14.8,255,76.8
2017-02-07,7603.1904296875,35,2,10.5,255,76.8
2017-02-08,7614.740234375,21,2,6.3,255,76.8
2017-02-09,7623.59033203125,25,1,7.5,261,78.6
2017-02-10,7631.240234375,22,1,6.6,260,78.3
2017-02-13,7626.9404296875,19,2,5.7,249,75.0
2017-02-14,7605.0400390625,18,2,5.4,243,73.2
2017-02-15,7531.59033203125,13,4,3.9,229,69.0
2017-02-16,7599.4404296875,16,3,4.8,239,72.0
2017-02-17,7637.98974609375,22,1,6.6,243,73.2
2017-02-20,7691.83984375,20,1,6.0,250,75.3
2017-02-21,7725.23974609375,31,1,9.3,253,76.2
2017-02-22,7721.58984375,24,1,7.2,251,75.6
2017-02-23,7729.6396484375,16,1,4.8,253,76.2
2017-02-27,7706.48974609375,20,4,6.0,249,75.0
2017-02-28,7709.08984375,19,3,5.7,252,75.9
2017-03-01,7754.68994140625,21,2,6.3,259,78.0
2017-03-02,7691.6396484375,19,3,5.7,254,76.5
2017-03-03,7696.18994140625,6,2,1.8,252,75.9
2017-03-06,7745.3896484375,14,1,4.2,257,77.4
2017-03-07,7735.28955078125,16,1,4.8,249,75.0
2017-03-08,7710.93994140625,12,1,3.6,249,75.0
2017-03-09,7709.98974609375,6,1,1.8,250,75.3
2017-03-10,7710.8896484375,11,1,3.3,249,75.0
2017-03-14,7835.6396484375,18,1,5.4,255,76.8
2017-03-15,7854.73974609375,15,0,4.5,263,79.2
2017-03-16,7928.53955078125,33,0,9.9,263,79.2
2017-03-17,7933.08984375,30,0,9.0,269,81.0
2017-03-20,7918.58984375,21,0,6.3,269,81.0
2017-03-21,7909.18994140625,17,2,5.1,268,80.5
2017-03-22,7830.08984375,16,2,4.8,261,78.4
2017-03-23,7885.68994140625,19,0,5.7,268,80.5
2017-03-24,7905.28955078125,21,0,6.3,269,80.8
2017-03-27,7865.28955078125,12,0,3.6,266,79.9
2017-03-28,7912.08984375,26,0,7.8,267,80.2
2017-03-29,7945.28955078125,28,0,8.4,271,81.4
2017-03-30,7976.8896484375,34,0,10.2,267,80.2
2017-03-31,7995.03955078125,50,0,15.0,275,82.6
2017-04-03,8053.13916015625,48,0,14.4,278,83.5
2017-04-05,8095.08935546875,70,0,21.0,281,84.4
2017-04-06,8092.08935546875,42,1,12.6,282,84.7
2017-04-07,8045.33935546875,48,1,14.4,281,84.4
2017-04-10,8052.08935546875,38,1,11.4,283,85.0
2017-04-11,8107.08935546875,46,1,13.8,287,86.2
2017-04-12,8078.83935546875,46,0,13.8,282,84.7
2017-04-13,8044.88916015625,27,0,8.1,280,84.1
2017-04-17,8042.58935546875,25,0,7.5,280,84.1
2017-04-18,8003.1396484375,35,0,10.5,276,82.9
2017-04-19,8020.9892578125,18,2,5.4,276,82.9
2017-04-20,8063.08935546875,39,1,11.7,283,85.0
2017-04-21,8057.689453125,42,1,12.6,280,84.1
2017-04-24,8137.33935546875,50,3,15.0,285,85.6
2017-04-25,8216.689453125,58,2,17.4,288,86.5
2017-04-26,8230.8388671875,54,3,16.2,287,86.2
2017-04-27,8222.189453125,38,3,11.4,286,85.9
2017-04-28,8214.2890625,36,3,10.8,287,86.2
2017-05-02,8231.3388671875,40,5,12.0,287,86.2
2017-05-03,8227.689453125,44,4,13.2,283,85.0
2017-05-04,8265.7890625,37,2,11.1,284,85.3
2017-05-05,8193.2392578125,31,1,9.3,278,83.5
2017-05-08,8226.0888671875,29,1,8.7,280,84.1
2017-05-09,8242.689453125,33,1,9.9,282,84.7
2017-05-10,8320.189453125,44,0,13.2,287,86.2
2017-05-11,8330.9892578125,31,0,9.3,289,86.8
2017-05-12,8299.189453125,18,1,5.4,284,85.3
2017-05-15,8351.2890625,29,2,8.7,287,86.2
2017-05-16,8398.939453125,35,1,10.5,286,85.9
2017-05-17,8395.9892578125,34,2,10.2,286,85.9
2017-05-18,8279.1396484375,15,2,4.5,276,82.9
2017-05-19,8258.189453125,8,2,2.4,274,82.0
2017-05-22,8235.0390625,11,5,3.3,270,80.8
2017-05-23,8159.13916015625,6,10,1.8,254,76.0
2017-05-24,8106.58935546875,3,17,0.9,243,72.8
2017-05-25,8233.8896484375,9,9,2.7,251,75.1
2017-05-26,8331.8388671875,20,3,6.0,260,77.8
2017-05-29,8299.4892578125,13,12,3.9,248,74.3
2017-05-30,8328.939453125,8,5,2.4,251,75.1
2017-05-31,8350.939453125,21,0,6.3,256,76.6
2017-06-01,8367.1396484375,18,0,5.4,258,77.2
2017-06-02,8406.5390625,29,0,8.7,260,77.8
2017-06-05,8435.7392578125,25,1,7.5,263,78.7
2017-06-06,8397.189453125,23,3,6.9,255,76.3
2017-06-07,8431.4892578125,20,2,6.0,260,77.8
2017-06-08,8429.1396484375,31,0,9.3,262,78.4
2017-06-09,8452.7392578125,25,2,7.5,260,77.8
2017-06-12,8408.689453125,24,1,7.2,260,77.8
2017-06-13,8407.9892578125,22,3,6.6,262,78.4
2017-06-14,8420.7890625,20,2,6.0,263,78.7
2017-06-15,8400.189453125,23,2,6.9,261,78.1
2017-06-16,8411.439453125,29,3,8.7,264,79.0
2017-06-19,8453.0888671875,21,3,6.3,264,79.0
2017-06-20,8453.9892578125,31,3,9.3,264,79.0
2017-06-21,8443.5888671875,19,2,5.7,261,78.1
2017-06-22,8423.8388671875,19,3,5.7,257,76.9
2017-06-23,8355.0888671875,8,4,2.4,252,75.4
2017-06-27,8285.4892578125,6,5,1.8,241,71.9
2017-06-28,8279.689453125,6,4,1.8,243,72.5
2017-06-29,8301.0888671875,10,1,3.0,249,74.3
2017-06-30,8331.5888671875,12,3,3.6,251,74.5
2017-07-03,8416.3896484375,18,4,5.3,259,76.9
2017-07-04,8410.689453125,20,1,5.9,258,76.6
2017-07-05,8451.4892578125,16,2,4.7,263,78.0
2017-07-06,8481.7392578125,23,0,6.8,265,78.6
2017-07-07,8479.439453125,13,0,3.9,268,79.5
2017-07-10,8556.939453125,21,1,6.2,272,80.7
2017-07-11,8544.8896484375,20,0,5.9,269,79.6
2017-07-12,8585.48828125,17,0,5.0,269,79.6
2017-07-13,8646.2880859375,29,0,8.6,269,79.6
2017-07-14,8640.6884765625,19,0,5.6,273,80.8
2017-07-17,8659.48828125,21,2,6.2,271,80.2
2017-07-18,8589.7880859375,23,1,6.8,262,77.5
2017-07-19,8662.138671875,14,1,4.1,270,79.9
2017-07-20,8641.587890625,20,0,5.9,268,79.3
2017-07-21,8669.73828125,23,0,6.8,269,79.6
2017-07-24,8702.837890625,29,1,8.6,271,80.2
2017-07-25,8710.587890625,25,1,7.4,269,79.6
2017-07-26,8748.73828125,30,2,8.9,272,80.5
2017-07-27,8737.087890625,31,0,9.2,271,80.2
2017-07-28,8747.4384765625,18,1,5.3,271,80.2
2017-07-31,8793.2880859375,28,1,8.3,272,80.5
2017-08-01,8812.587890625,36,3,10.7,270,79.9
2017-08-02,8786.837890625,27,1,8.0,271,80.2
2017-08-03,8729.2880859375,15,5,4.4,262,77.5
2017-08-04,8776.1884765625,24,7,7.1,263,77.8
2017-08-07,8806.4384765625,39,3,11.5,267,79.0
2017-08-08,8726.837890625,31,4,9.2,263,77.8
2017-08-09,8637.138671875,8,9,2.4,250,74.0
2017-08-10,8497.7392578125,4,16,1.2,229,67.8
2017-08-11,8427.689453125,1,22,0.3,230,67.8
2017-08-14,8541.4892578125,15,3,4.4,241,71.1
2017-08-16,8635.6884765625,19,0,5.6,250,73.7
2017-08-17,8643.2880859375,18,3,5.3,251,74.0
2017-08-18,8594.23828125,8,5,2.4,246,72.6
2017-08-21,8509.3896484375,13,7,3.8,234,69.0
2017-08-22,8499.2890625,8,5,2.4,230,67.8
2017-08-23,8584.98828125,10,1,2.9,236,69.6
2017-08-24,8605.73828125,21,0,6.2,240,70.8
2017-08-28,8669.587890625,26,0,7.7,242,71.4
2017-08-29,8571.7880859375,16,1,4.7,235,69.3
2017-08-30,8663.138671875,28,0,8.3,240,70.8
2017-08-31,8694.9384765625,34,1,10.0,242,71.4
2017-09-01,8755.23828125,31,0,9.1,251,73.8
2017-09-04,8700.337890625,29,1,8.5,243,71.5
2017-09-05,8747.1884765625,28,1,8.2,244,71.8
2017-09-06,8732.388671875,34,2,10.0,244,71.8
2017-09-07,8757.138671875,45,1,13.2,242,71.2
2017-09-08,8749.9384765625,39,1,11.5,243,71.5
2017-09-11,8810.9384765625,44,2,12.9,247,72.6
2017-09-12,8890.638671875,50,2,14.7,257,75.6
2017-09-13,8866.837890625,42,0,12.4,251,73.8
2017-09-14,8884.9384765625,19,1,5.6,256,75.3
2017-09-15,8887.587890625,21,2,6.2,257,75.6
2017-09-18,8946.888671875,39,0,11.4,262,76.8
2017-09-19,8951.73828125,44,0,12.9,262,76.8
2017-09-20,8938.388671875,24,0,7.0,266,78.0
2017-09-21,8911.1884765625,16,1,4.7,260,76.2
2017-09-22,8737.98828125,5,3,1.5,239,70.1
2017-09-25,8638.2880859375,4,5,1.2,228,66.9
2017-09-26,8654.587890625,3,1,0.9,233,68.3
2017-09-27,8520.939453125,5,2,1.5,215,62.9
2017-09-28,8557.0888671875,1,4,0.3,220,64.3
2017-09-29,8599.98828125,5,0,1.5,231,67.5
2017-10-03,8662.388671875,12,0,3.5,235,68.5
2017-10-04,8706.837890625,14,4,4.1,236,68.8
2017-10-05,8706.4384765625,13,2,3.8,238,69.4
2017-10-06,8787.388671875,23,1,6.7,244,71.1
2017-10-09,8798.2880859375,25,3,7.3,245,71.4
2017-10-10,8836.388671875,30,1,8.7,246,71.7
2017-10-11,8792.388671875,31,3,9.0,240,70.0
2017-10-12,8890.0380859375,22,1,6.4,243,70.8
2017-10-13,8937.1884765625,29,2,8.5,249,72.6
2017-10-16,8985.23828125,31,1,9.0,249,72.6
2017-10-17,9002.337890625,30,0,8.7,251,73.2
2017-10-18,8984.638671875,25,2,7.3,247,72.0
2017-10-19,8937.638671875,13,1,3.8,246,71.7
2017-10-23,8972.888671875,27,3,7.8,245,71.2
2017-10-24,8993.7880859375,25,2,7.3,249,72.4
2017-10-25,9065.138671875,21,1,6.1,266,77.1
2017-10-26,9106.73828125,34,0,9.9,265,76.8
2017-10-27,9104.4384765625,35,0,10.1,268,77.7
2017-10-30,9165.087890625,32,1,9.3,270,78.3
2017-10-31,9153.587890625,31,0,9.0,273,79.1
2017-11-01,9234.837890625,40,1,11.6,272,78.8
2017-11-02,9237.73828125,31,1,9.0,278,80.3
2017-11-03,9260.638671875,32,2,9.2,279,80.6
2017-11-06,9273.087890625,36,1,10.4,279,80.4
2017-11-07,9169.5380859375,30,3,8.6,274,79.0
2017-11-08,9117.5380859375,17,3,4.9,266,76.7
2017-11-09,9147.2880859375,15,1,4.3,268,77.2
2017-11-10,9154.9384765625,25,0,7.2,272,78.4
2017-11-13,9082.4384765625,24,1,6.9,266,76.4
2017-11-14,9051.48828125,11,3,3.2,261,75.0
2017-11-15,8973.73828125,13,5,3.7,247,71.0
2017-11-16,9064.98828125,15,4,4.3,257,73.9
2017-11-17,9137.087890625,23,1,6.6,265,75.9
2017-11-20,9161.888671875,17,1,4.9,268,76.8
2017-11-21,9185.388671875,23,1,6.6,269,77.1
2017-11-22,9195.6884765625,19,2,5.4,269,77.1
2017-11-23,9207.388671875,24,1,6.9,269,77.1
2017-11-24,9246.0380859375,21,1,6.0,270,77.4
2017-11-27,9267.48828125,18,1,5.2,275,78.8
2017-11-28,9254.2880859375,26,1,7.4,274,78.5
2017-11-29,9244.6884765625,24,1,6.9,275,78.8
2017-11-30,9154.48828125,22,3,6.3,270,77.4
2017-12-01,9060.388671875,23,3,6.6,266,76.2
2017-12-04,9059.337890625,9,4,2.6,257,73.6
2017-12-05,9056.587890625,7,6,2.0,253,72.5
2017-12-06,8988.5380859375,6,6,1.7,248,71.1
2017-12-07,9103.0380859375,15,4,4.3,260,74.5
2017-12-08,9190.5380859375,24,1,6.9,265,75.9
2017-12-11,9231.888671875,28,3,8.0,267,76.5
2017-12-12,9156.48828125,20,2,5.7,260,74.5
2017-12-13,9101.7880859375,12,3,3.4,258,73.9
2017-12-14,9133.638671875,7,6,2.0,254,72.8
2017-12-15,9216.73828125,14,6,4.0,258,73.9
2017-12-18,9270.837890625,23,7,6.6,261,74.8
2017-12-19,9360.4375,26,2,7.4,276,79.1
2017-12-20,9363.4375,37,1,10.6,280,80.2
2017-12-21,9387.7373046875,24,1,6.9,280,80.2
2017-12-22,9431.4873046875,30,1,8.6,282,80.8
2017-12-26,9470.3369140625,42,1,12.0,284,81.4
2017-12-27,9438.2373046875,34,2,9.7,290,83.1
2017-12-28,9435.8369140625,30,2,8.6,282,80.8
2017-12-29,9490.6376953125,40,2,11.5,287,82.2
2018-01-01,9434.4873046875,39,1,11.2,290,83.1
2018-01-02,9417.8369140625,18,0,5.2,289,82.8
2018-01-03,9439.3369140625,26,0,7.4,287,82.2
2018-01-04,9505.7373046875,37,0,10.6,286,81.9
2018-01-05,9573.4375,47,1,13.5,299,85.7
2018-01-08,9639.2373046875,48,0,13.8,303,86.8
2018-01-09,9640.7373046875,42,0,12.0,304,87.1
2018-01-10,9630.5869140625,39,1,11.2,299,85.7
2018-01-11,9650.287109375,31,1,8.9,299,85.7
2018-01-12,9665.1875,31,0,8.9,300,86.0
2018-01-15,9699.8369140625,34,0,9.7,304,87.1
2018-01-16,9612.5869140625,27,2,7.7,288,82.5
2018-01-17,9686.5869140625,21,2,6.0,292,83.7
2018-01-18,9646.787109375,25,2,7.2,283,81.1
2018-01-19,9723.0869140625,18,1,5.2,286,81.9
2018-01-22,9787.287109375,32,1,9.2,289,82.8
2018-01-23,9877.1875,33,0,9.5,288,82.5
2018-01-24,9853.8876953125,31,1,8.9,284,81.4
2018-01-25,9809.9873046875,17,2,4.9,283,81.1
2018-01-29,9819.4375,17,3,4.9,272,77.7
2018-01-30,9743.037109375,7,4,2.0,266,75.8
2018-01-31,9697.8876953125,4,1,1.1,259,73.8
2018-02-01,9687.037109375,20,5,5.7,264,75.2
2018-02-02,9409.787109375,4,14,1.1,223,63.5
2018-02-05,9344.3876953125,5,23,1.4,222,63.2
2018-02-06,9190.5380859375,1,28,0.3,197,56.1
2018-02-07,9206.337890625,3,1,0.9,203,57.8
2018-02-08,9322.5869140625,8,0,2.3,224,63.8
2018-02-09,9251.087890625,3,1,0.9,220,62.7
2018-02-12,9348.4375,13,0,3.7,236,67.2
2018-02-14,9326.6875,13,0,3.7,243,69.2
2018-02-15,9323.5869140625,9,1,2.6,229,65.2
2018-02-16,9235.587890625,1,5,0.3,217,61.8
2018-02-19,9159.9384765625,0,11,0.0,209,59.5
2018-02-20,9151.0380859375,1,6,0.3,207,59.0
2018-02-21,9167.587890625,0,3,0.0,198,56.4
2018-02-22,9138.48828125,4,5,1.1,192,54.7
2018-02-23,9251.337890625,7,2,2.0,207,59.0
2018-02-26,9332.6376953125,13,1,3.7,216,61.4
2018-02-27,9302.23828125,9,4,2.6,212,60.2
2018-02-28,9261.888671875,6,4,1.7,206,58.5
2018-03-01,9225.337890625,6,1,1.7,203,57.7
2018-03-05,9136.087890625,3,10,0.9,190,54.0
2018-03-06,9039.7880859375,2,16,0.6,180,51.1
2018-03-07,8936.837890625,0,30,0.0,170,48.3
2018-03-08,9000.6884765625,1,29,0.3,171,48.6
2018-03-09,8986.388671875,1,13,0.3,173,49.1
2018-03-12,9121.73828125,2,16,0.6,183,52.0
2018-03-13,9157.888671875,4,4,1.1,187,53.1
2018-03-14,9151.5380859375,4,7,1.1,185,52.6
2018-03-15,9133.888671875,5,1,1.4,182,51.7
2018-03-16,9004.4384765625,2,6,0.6,171,48.6
2018-03-19,8894.1884765625,1,17,0.3,160,45.5
2018-03-20,8920.4384765625,0,10,0.0,163,46.3
2018-03-21,8949.087890625,1,6,0.3,163,46.3
2018-03-22,8903.98828125,0,10,0.0,155,44.0
2018-03-23,8800.7880859375,0,35,0.0,146,41.4
2018-03-26,8914.337890625,3,22,0.8,153,43.3
2018-03-27,8978.087890625,4,3,1.1,163,46.0
2018-03-28,8912.087890625,3,13,0.8,162,45.8
2018-04-02,9023.587890625,4,3,1.1,171,48.2
2018-04-03,9074.837890625,10,1,2.8,176,49.6
2018-04-04,8975.587890625,8,2,2.3,171,48.2
2018-04-05,9146.138671875,9,1,2.5,190,53.5
2018-04-06,9172.0380859375,13,1,3.7,185,52.1
2018-04-09,9205.1884765625,17,0,4.8,189,53.1
2018-04-10,9219.138671875,8,1,2.2,190,53.4
2018-04-11,9230.837890625,13,1,3.7,194,54.5
2018-04-12,9247.23828125,10,4,2.8,192,53.9
2018-04-13,9267.638671875,20,3,5.6,195,54.8
2018-04-16,9311.287109375,22,5,6.2,200,56.2
2018-04-17,9330.287109375,23,2,6.5,196,55.1
2018-04-18,9311.5869140625,12,3,3.4,199,55.9
2018-04-19,9356.3876953125,15,9,4.2,207,58.1
2018-04-20,9347.6376953125,16,5,4.5,207,58.1
2018-04-23,9373.3876953125,19,0,5.3,205,57.6
2018-04-24,9390.3876953125,18,1,5.1,199,55.9
2018-04-25,9349.9375,21,4,5.9,192,53.9
2018-04-26,9381.3369140625,19,13,5.3,195,54.8
2018-04-27,9443.6376953125,19,1,5.3,203,57.0
2018-04-30,9496.4873046875,24,2,6.7,211,59.3
2018-05-02,9444.4873046875,16,9,4.5,198,55.6
2018-05-03,9388.6376953125,3,18,0.8,192,53.9
2018-05-04,9339.7373046875,2,16,0.6,187,52.5
2018-05-07,9418.787109375,7,12,2.0,190,53.4
2018-05-08,9419.8369140625,11,8,3.1,193,54.2
2018-05-09,9418.8876953125,4,7,1.1,187,52.5
2018-05-10,9360.9375,2,17,0.6,180,50.6
2018-05-11,9416.3369140625,6,22,1.7,178,50.0
2018-05-14,9389.9375,9,29,2.5,173,48.6
2018-05-15,9365.8876953125,11,27,3.1,164,46.1
2018-05-16,9328.6875,7,30,2.0,159,44.7
2018-05-17,9304.4384765625,7,7,2.0,163,45.8
2018-05-18,9209.1884765625,10,25,2.8,153,43.0
2018-05-21,9108.6884765625,5,43,1.4,144,40.4
2018-05-22,9145.638671875,4,34,1.1,145,40.7
2018-05-23,9069.7880859375,5,21,1.4,141,39.6
2018-05-24,9115.5380859375,5,30,1.4,141,39.6
2018-05-25,9215.5380859375,12,6,3.4,148,41.6
2018-05-28,9307.5380859375,9,1,2.5,155,43.5
2018-05-29,9270.587890625,8,5,2.2,153,43.0
2018-05-30,9254.98828125,12,8,3.4,156,43.8
2018-05-31,9315.3369140625,17,14,4.8,155,43.5
2018-06-01,9255.087890625,10,26,2.8,143,40.2
2018-06-04,9175.888671875,4,34,1.1,133,37.4
2018-06-05,9110.48828125,3,48,0.8,121,34.0
2018-06-06,9205.888671875,1,20,0.3,131,36.8
2018-06-07,9300.087890625,5,0,1.4,145,40.7
2018-06-08,9316.2373046875,3,1,0.8,145,40.7
2018-06-11,9332.3876953125,9,3,2.5,142,39.9
2018-06-12,9386.4375,9,1,2.5,153,43.0
2018-06-13,9386.3876953125,10,1,2.8,151,42.4
2018-06-14,9356.6376953125,6,3,1.7,149,41.9
2018-06-15,9343.6875,11,6,3.1,146,41.0
2018-06-18,9318.537109375,7,12,2.0,139,38.9
2018-06-19,9234.48828125,7,22,2.0,136,38.1
2018-06-20,9276.388671875,6,20,1.7,134,37.5
2018-06-21,9240.23828125,5,24,1.4,128,35.9
2018-06-22,9296.638671875,5,23,1.4,130,36.4
2018-06-25,9234.388671875,8,16,2.2,118,33.1
2018-06-26,9231.7880859375,8,29,2.2,118,33.1
2018-06-27,9129.23828125,10,50,2.8,109,30.5
2018-06-28,9036.9384765625,3,64,0.8,99,27.7
2018-06-29,9162.4384765625,6,16,1.7,110,30.8
2018-07-02,9108.98828125,6,25,1.7,107,30.0
2018-07-03,9149.388671875,7,20,2.0,109,30.4
2018-07-04,9194.5380859375,8,19,2.2,114,31.8
2018-07-05,9166.587890625,6,22,1.7,107,29.9
2018-07-06,9194.48828125,4,11,1.1,108,30.2
2018-07-09,9277.9384765625,9,4,2.5,114,31.8
2018-07-10,9359.3876953125,9,5,2.5,121,33.8
2018-07-11,9344.2373046875,18,7,5.0,117,32.7
2018-07-12,9380.8876953125,16,11,4.5,116,32.4
2018-07-13,9349.037109375,13,25,3.6,115,32.1
2018-07-16,9231.23828125,9,57,2.5,103,28.8
2018-07-17,9315.2373046875,8,41,2.2,105,29.3
2018-07-18,9269.5380859375,12,36,3.4,103,28.8
2018-07-19,9236.2880859375,5,45,1.4,97,27.1
2018-07-20,9286.087890625,8,28,2.2,95,26.5
2018-07-23,9363.8369140625,11,21,3.1,102,28.5
2018-07-24,9450.6376953125,11,6,3.1,116,32.4
2018-07-25,9449.8876953125,15,2,4.2,114,31.8
2018-07-26,9487.8876953125,10,4,2.8,119,33.2
2018-07-27,9579.037109375,11,0,3.1,123,34.4
2018-07-30,9618.6875,11,3,3.1,129,36.0
2018-07-31,9650.5869140625,16,2,4.5,132,36.9
2018-08-01,9651.6875,19,0,5.3,135,37.7
2018-08-02,9588.787109375,15,0,4.2,134,37.4
2018-08-03,9685.6875,16,0,4.5,144,40.2
2018-08-06,9709.3369140625,16,1,4.5,144,40.1
2018-08-07,9704.787109375,10,1,2.8,139,38.7
2018-08-08,9744.7373046875,17,0,4.7,134,37.3
2018-08-09,9769.0869140625,15,1,4.2,141,39.3
2018-08-10,9724.4375,8,2,2.2,136,37.9
2018-08-13,9656.4873046875,10,7,2.8,128,35.7
2018-08-14,9726.1376953125,15,5,4.2,140,39.0
2018-08-16,9685.6376953125,21,2,5.8,132,36.8
2018-08-17,9770.1875,20,2,5.6,142,39.6
2018-08-20,9839.7373046875,20,0,5.6,146,40.7
2018-08-21,9862.4873046875,21,1,5.8,150,41.8
2018-08-23,9872.537109375,25,4,6.9,146,40.6
2018-08-24,9850.787109375,19,5,5.3,144,40.0
2018-08-27,9958.787109375,27,1,7.5,153,42.5
2018-08-28,9985.8876953125,23,2,6.4,154,42.8
2018-08-29,9973.6376953125,19,3,5.3,157,43.6
2018-08-30,9975.1875,10,4,2.8,166,46.1
2018-08-31,9991.9873046875,24,3,6.7,171,47.5
2018-09-03,9921.6376953125,19,2,5.3,163,45.3
2018-09-04,9806.037109375,4,9,1.1,147,40.8
2018-09-05,9764.537109375,5,20,1.4,148,41.1
2018-09-06,9815.4375,7,3,1.9,154,42.8
2018-09-07,9875.1875,12,5,3.3,160,44.4
2018-09-10,9740.0869140625,13,7,3.6,148,41.1
2018-09-11,9607.0869140625,5,10,1.4,130,36.1
2018-09-12,9660.5869140625,1,24,0.3,139,38.6
2018-09-14,9792.7373046875,5,2,1.4,149,41.4
2018-09-17,9696.4375,5,7,1.4,149,41.4
2018-09-18,9594.2373046875,2,13,0.6,134,37.2
2018-09-19,9545.6875,4,19,1.1,130,36.1
2018-09-21,9425.537109375,6,76,1.7,122,33.9
2018-09-24,9243.138671875,4,36,1.1,106,29.4
2018-09-25,9303.337890625,3,52,0.8,107,29.7
2018-09-26,9302.23828125,2,16,0.6,109,30.3
2018-09-27,9202.337890625,2,46,0.6,102,28.3
2018-09-28,9115.98828125,1,76,0.3,91,25.2
2018-10-01,9165.48828125,2,93,0.6,94,26.0
2018-10-03,9056.6884765625,1,18,0.3,87,24.1
2018-10-04,8854.837890625,0,48,0.0,71,19.7
2018-10-05,8624.9384765625,0,77,0.0,57,15.8
2018-10-08,8602.587890625,0,106,0.0,57,15.7
2018-10-09,8562.939453125,0,67,0.0,48,13.3
2018-10-10,8748.48828125,1,10,0.3,71,19.6
2018-10-11,8565.587890625,0,46,0.0,58,16.0
2018-10-12,8767.087890625,0,1,0.0,74,20.4
2018-10-15,8811.98828125,0,2,0.0,78,21.5
2018-10-16,8893.7880859375,2,1,0.6,90,24.9
2018-10-17,8758.587890625,0,5,0.0,77,21.3
2018-10-19,8640.638671875,1,23,0.3,69,19.1
2018-10-22,8576.9384765625,1,33,0.3,65,18.0
2018-10-23,8489.8896484375,0,51,0.0,56,15.5
2018-10-24,8555.6396484375,0,31,0.0,59,16.3
2018-10-25,8473.4892578125,0,46,0.0,59,16.3
2018-10-26,8417.2392578125,0,39,0.0,54,14.9
2018-10-29,8610.087890625,1,12,0.3,67,18.5
2018-10-30,8600.2880859375,3,6,0.8,74,20.4
2018-10-31,8753.4384765625,2,5,0.6,80,22.0
2018-11-01,8772.48828125,4,2,1.1,84,23.1
2018-11-02,8899.388671875,5,1,1.4,93,25.6
2018-11-05,8877.888671875,1,0,0.3,92,25.3
2018-11-06,8870.2880859375,1,1,0.3,92,25.3
2018-11-07,8929.837890625,1,1,0.3,97,26.6
2018-11-09,8946.337890625,3,0,0.8,106,29.1
2018-11-12,8859.23828125,3,1,0.8,97,26.6
2018-11-13,8923.5380859375,2,3,0.5,99,27.2
2018-11-14,8921.4384765625,4,3,1.1,103,28.3
2018-11-15,8954.638671875,5,6,1.4,103,28.3
2018-11-16,8993.23828125,4,5,1.1,102,28.0
2018-11-19,9052.73828125,3,4,0.8,109,29.9
2018-11-20,8960.138671875,4,6,1.1,100,27.5
2018-11-21,8940.2880859375,3,9,0.8,106,29.1
2018-11-22,8878.98828125,2,7,0.5,103,28.3
2018-11-26,8942.98828125,1,7,0.3,100,27.5
2018-11-27,8983.888671875,2,10,0.5,103,28.3
2018-11-28,8993.23828125,4,11,1.1,102,28.0
2018-11-29,9081.837890625,3,14,0.8,102,28.0
2018-11-30,9109.138671875,2,14,0.5,115,31.6
2018-12-03,9126.888671875,5,7,1.4,119,32.7
2018-12-04,9116.4384765625,3,3,0.8,117,32.1
2018-12-05,9029.4384765625,2,11,0.5,109,29.9
2018-12-06,8883.23828125,0,27,0.0,104,28.6
2018-12-07,8940.638671875,2,18,0.5,101,27.7
2018-12-10,8769.587890625,3,42,0.8,88,24.2
2018-12-11,8845.138671875,1,36,0.3,101,27.7
2018-12-12,9021.587890625,3,2,0.8,119,32.7
2018-12-13,9077.2880859375,8,1,2.2,126,34.6
2018-12-14,9091.2880859375,1,3,0.3,127,34.9
2018-12-17,9153.9384765625,4,0,1.1,129,35.4
2018-12-18,9177.337890625,1,0,0.3,136,37.4
2018-12-19,9246.7880859375,7,1,1.9,142,39.0
2018-12-20,9234.4384765625,5,1,1.4,148,40.7
2018-12-21,9082.5380859375,4,3,1.1,135,37.0
2018-12-24,9002.4384765625,3,4,0.8,121,33.2
2018-12-26,9041.6884765625,1,7,0.3,129,35.3
2018-12-27,9078.7880859375,1,4,0.3,133,36.4
2018-12-28,9152.5380859375,2,3,0.5,140,38.4
2018-12-31,9169.98828125,5,1,1.4,148,40.5
2019-01-01,9197.888671875,1,1,0.3,148,40.5
2019-01-02,9103.388671875,0,0,0.0,140,38.4
2019-01-03,9014.7880859375,1,2,0.3,130,35.6
2019-01-04,9054.888671875,0,6,0.0,134,36.7
2019-01-07,9081.138671875,1,4,0.3,136,37.3
2019-01-08,9098.638671875,2,4,0.5,139,38.1
2019-01-09,9127.4384765625,5,3,1.4,136,37.3
2019-01-10,9119.388671875,7,2,1.9,136,37.3
2019-01-11,9098.1884765625,5,5,1.4,136,37.3
2019-01-14,9051.4384765625,4,4,1.1,129,35.3
2019-01-15,9157.138671875,5,2,1.4,138,37.8
2019-01-16,9158.73828125,4,0,1.1,142,38.9
2019-01-17,9161.587890625,2,0,0.5,142,38.9
2019-01-18,9140.087890625,2,5,0.5,133,36.4
2019-01-21,9155.2880859375,5,6,1.4,124,34.0
2019-01-22,9131.138671875,2,14,0.5,124,34.0
2019-01-23,9068.837890625,2,10,0.5,120,32.9
2019-01-24,9072.1884765625,1,10,0.3,121,33.2
2019-01-25,8994.337890625,1,20,0.3,107,29.3
2019-01-28,8876.587890625,1,40,0.3,97,26.6
2019-01-29,8875.638671875,0,27,0.0,101,27.7
2019-01-30,8884.888671875,3,17,0.8,100,27.4
2019-01-31,9003.837890625,6,15,1.6,104,28.5
2019-02-01,9056.2880859375,6,9,1.6,112,30.7
2019-02-04,9041.98828125,8,23,2.2,104,28.5
2019-02-05,9033.587890625,7,36,1.9,101,27.7
2019-02-06,9118.6884765625,8,32,2.2,104,28.5
2019-02-07,9145.7880859375,7,14,1.9,109,29.8
2019-02-08,9036.888671875,8,21,2.2,105,28.7
2019-02-11,8967.138671875,3,35,0.8,98,26.8
2019-02-12,8925.2880859375,1,28,0.3,94,25.7
2019-02-14,8869.2880859375,4,39,1.1,92,25.1
2019-02-15,8827.0380859375,3,32,0.8,80,21.9
2019-02-18,8754.337890625,6,34,1.6,83,22.7
2019-02-19,8742.2880859375,1,12,0.3,81,22.1
2019-02-20,8845.587890625,2,7,0.5,84,23.0
2019-02-21,8901.6884765625,5,3,1.4,91,24.9
2019-02-22,8919.73828125,5,0,1.4,99,27.0
2019-02-25,8983.837890625,8,0,2.2,100,27.3
2019-02-26,8953.138671875,3,5,0.8,102,27.9
2019-02-27,8946.1884765625,4,3,1.1,106,29.0
2019-02-28,8955.9384765625,2,1,0.5,121,33.1
2019-03-01,9037.48828125,8,0,2.2,128,35.0
2019-03-05,9173.587890625,9,0,2.5,147,40.2
2019-03-06,9230.4384765625,9,1,2.5,151,41.3
2019-03-07,9225.337890625,7,0,1.9,158,43.2
2019-03-08,9211.0380859375,5,0,1.4,153,41.8
2019-03-11,9345.5869140625,13,0,3.6,181,49.5
2019-03-12,9440.8369140625,21,0,5.7,198,54.1
2019-03-13,9450.2373046875,14,0,3.8,190,51.9
2019-03-14,9447.1875,9,1,2.5,189,51.6
2019-03-15,9499.3876953125,12,0,3.3,185,50.5
2019-03-18,9516.6875,11,0,3.0,185,50.5
2019-03-19,9570.1376953125,9,0,2.5,189,51.6
2019-03-20,9552.9873046875,8,0,2.2,184,50.3
2019-03-22,9500.037109375,6,0,1.6,178,48.6
2019-03-25,9411.6376953125,3,1,0.8,168,45.9
2019-03-26,9512.5869140625,8,0,2.2,176,48.1
2019-03-27,9501.787109375,11,2,3.0,184,50.3
2019-03-28,9601.9375,15,1,4.1,191,52.2
2019-04-01,9701.9873046875,28,0,7.7,205,56.0
2019-04-02,9720.787109375,8,2,2.2,202,55.2
2019-04-03,9658.3876953125,15,2,4.1,200,54.6
2019-04-04,9626.6376953125,3,2,0.8,196,53.6
2019-04-05,9684.9375,5,0,1.4,202,55.2
2019-04-08,9634.3876953125,7,1,1.9,196,53.6
2019-04-09,9677.7373046875,2,0,0.5,195,53.3
2019-04-10,9622.9375,5,0,1.4,194,53.0
2019-04-11,9634.537109375,5,0,1.4,196,53.4
2019-04-12,9674.5869140625,6,0,1.6,207,56.4
2019-04-15,9716.4873046875,11,0,3.0,216,58.9
2019-04-16,9781.3876953125,14,0,3.8,215,58.4
2019-04-18,9738.6875,7,3,1.9,207,56.2
2019-04-22,9599.787109375,1,3,0.3,189,51.2
2019-04-23,9587.287109375,4,3,1.1,186,50.4
2019-04-24,9687.537109375,10,3,2.7,192,52.0
2019-04-25,9628.787109375,15,2,4.1,193,52.3
2019-04-26,9689.6875,7,3,1.9,190,51.5
2019-04-30,9664.287109375,11,11,3.0,180,48.8
2019-05-02,9637.4873046875,13,10,3.5,180,48.8
2019-05-03,9624.537109375,9,5,2.4,175,47.4
2019-05-06,9532.4375,2,12,0.5,158,42.8
2019-05-07,9450.787109375,1,9,0.3,157,42.5
2019-05-08,9340.2373046875,0,18,0.0,146,39.6
2019-05-09,9299.73828125,1,16,0.3,141,38.2
2019-05-10,9290.1884765625,2,9,0.5,142,38.5
2019-05-13,9159.9384765625,0,30,0.0,121,32.8
2019-05-14,9212.337890625,2,37,0.5,126,34.1
2019-05-15,9160.087890625,5,21,1.4,120,32.5
2019-05-16,9221.638671875,7,25,1.9,124,33.6
2019-05-17,9329.6875,10,15,2.7,132,35.8
2019-05-20,9671.8876953125,19,4,5.1,173,46.9
2019-05-21,9578.8369140625,15,3,4.1,157,42.5
2019-05-22,9598.1875,6,8,1.6,156,42.3
2019-05-23,9552.7373046875,24,9,6.5,163,44.2
2019-05-24,9722.037109375,8,3,2.2,184,49.9
2019-05-27,9804.8876953125,26,2,7.0,205,55.6
2019-05-28,9815.4873046875,24,1,6.5,205,55.6
2019-05-29,9757.1376953125,11,1,3.0,201,54.5
2019-05-30,9815.287109375,5,1,1.4,206,55.8
2019-05-31,9805.037109375,12,4,3.3,200,54.2
2019-06-03,9922.5869140625,11,5,3.0,202,54.7
2019-06-04,9876.1875,18,3,4.9,200,54.2
2019-06-06,9722.4873046875,7,5,1.9,188,50.9
2019-06-07,9735.8369140625,3,8,0.8,186,50.4
2019-06-10,9765.8369140625,8,7,2.2,189,51.2
2019-06-11,9805.0869140625,8,5,2.2,188,50.9
2019-06-12,9749.9375,5,3,1.4,182,49.3
2019-06-13,9747.037109375,5,14,1.4,180,48.8
2019-06-14,9669.9375,6,17,1.6,176,47.7
2019-06-17,9543.5869140625,2,21,0.5,156,42.3
2019-06-18,9551.3369140625,3,28,0.8,155,42.0
2019-06-19,9526.1875,2,44,0.5,147,39.8
2019-06-20,9645.9873046875,5,32,1.4,158,42.8
2019-06-21,9581.5869140625,5,9,1.4,159,43.1
2019-06-24,9564.0869140625,2,8,0.5,160,43.4
2019-06-25,9632.8369140625,7,13,1.9,161,43.6
2019-06-26,9682.787109375,16,10,4.3,173,46.9
2019-06-27,9692.3369140625,20,2,5.4,170,46.1
2019-06-28,9657.9375,14,6,3.8,177,48.0
2019-07-01,9712.9873046875,17,3,4.6,182,49.3
2019-07-02,9744.8369140625,10,4,2.7,183,49.6
2019-07-03,9757.287109375,12,2,3.3,185,50.1
2019-07-04,9776.787109375,11,3,3.0,189,51.1
2019-07-05,9657.6376953125,13,11,3.5,176,47.6
2019-07-08,9447.787109375,1,26,0.3,154,41.6
2019-07-09,9455.6376953125,2,22,0.5,155,41.9
2019-07-10,9400.0869140625,0,25,0.0,150,40.5
2019-07-11,9466.3876953125,1,20,0.3,158,42.7
2019-07-12,9457.7373046875,3,16,0.8,157,42.4
2019-07-15,9469.1376953125,3,17,0.8,157,42.4
2019-07-16,9529.8369140625,3,17,0.8,160,43.2
2019-07-17,9543.3369140625,4,21,1.1,163,44.1
2019-07-18,9456.1376953125,6,31,1.6,157,42.4
2019-07-19,9304.638671875,3,48,0.8,146,39.5
2019-07-22,9247.73828125,1,56,0.3,141,38.1
2019-07-23,9233.5380859375,3,29,0.8,136,36.8
2019-07-24,9160.4384765625,4,48,1.1,132,35.7
2019-07-25,9159.138671875,2,39,0.5,134,36.2
2019-07-26,9192.587890625,2,31,0.5,136,36.8
2019-07-29,9108.888671875,2,42,0.5,130,35.1
2019-07-30,9004.0380859375,2,80,0.5,116,31.4
2019-07-31,9044.9384765625,0,85,0.0,125,33.8
2019-08-01,8935.73828125,2,40,0.5,112,30.3
2019-08-02,8943.9384765625,1,61,0.3,110,29.7
2019-08-05,8831.9384765625,1,78,0.3,96,25.9
2019-08-06,8918.587890625,4,29,1.1,105,28.4
2019-08-07,8854.638671875,2,22,0.5,102,27.6
2019-08-08,8979.638671875,7,25,1.9,112,30.2
2019-08-09,9046.5380859375,6,8,1.6,117,31.5
2019-08-13,8890.087890625,4,27,1.1,108,29.1
2019-08-14,8971.087890625,3,30,0.8,106,28.6
2019-08-16,8988.7880859375,9,25,2.4,111,29.9
2019-08-19,8997.9384765625,9,13,2.4,114,30.6
2019-08-20,8957.388671875,4,27,1.1,107,28.8
2019-08-21,8864.48828125,3,47,0.8,101,27.2
2019-08-22,8719.23828125,3,71,0.8,93,25.0
2019-08-23,8790.5380859375,1,75,0.3,94,25.3
2019-08-26,8964.6884765625,6,16,1.6,105,28.2
2019-08-27,9022.23828125,12,2,3.2,114,30.6
2019-08-28,8970.888671875,12,4,3.2,112,30.1
2019-08-29,8906.087890625,9,14,2.4,110,29.6
2019-08-30,8977.5380859375,11,6,3.0,117,31.5
2019-09-03,8802.337890625,9,15,2.4,109,29.3
2019-09-04,8833.087890625,5,18,1.3,109,29.3
2019-09-05,8846.2880859375,3,6,0.8,114,30.6
2019-09-06,8920.388671875,6,2,1.6,118,31.7
2019-09-09,8972.388671875,9,2,2.4,127,34.1
2019-09-11,9015.138671875,8,1,2.2,137,36.8
2019-09-12,8981.587890625,3,0,0.8,136,36.6
2019-09-13,9050.837890625,6,2,1.6,148,39.8
2019-09-16,9009.138671875,6,2,1.6,147,39.5
2019-09-17,8853.888671875,5,1,1.3,129,34.7
2019-09-18,8877.6884765625,2,6,0.5,131,35.2
2019-09-19,8766.4384765625,1,11,0.3,118,31.6
2019-09-20,9230.48828125,26,13,7.0,157,42.1
2019-09-23,9486.5869140625,43,5,11.5,182,48.8
2019-09-24,9474.7373046875,24,3,6.4,181,48.5
2019-09-25,9344.1376953125,15,8,4.0,169,45.3
2019-09-26,9443.787109375,23,7,6.2,176,47.2
2019-09-27,9395.5869140625,16,8,4.3,169,45.3
2019-09-30,9340.8876953125,13,18,3.5,168,45.0
2019-10-01,9236.388671875,5,28,1.3,156,41.8
2019-10-03,9198.388671875,6,13,1.6,152,40.8
2019-10-04,9091.638671875,6,4,1.6,137,36.7
2019-10-07,9040.638671875,3,20,0.8,134,35.9
2019-10-09,9177.9384765625,6,20,1.6,143,38.3
2019-10-10,9112.73828125,8,21,2.1,138,37.0
2019-10-11,9161.388671875,5,25,1.3,144,38.6
2019-10-14,9192.638671875,8,13,2.1,148,39.6
2019-10-15,9253.837890625,3,18,0.8,146,39.0
2019-10-16,9281.837890625,7,11,1.9,149,39.7
2019-10-17,9390.9873046875,12,11,3.2,156,41.6
2019-10-18,9479.1875,19,1,5.1,176,46.9
2019-10-22,9448.2373046875,34,3,9.1,173,46.1
2019-10-23,9458.6376953125,23,3,6.1,177,47.2
2019-10-24,9437.6376953125,19,5,5.1,171,45.6
2019-10-25,9431.0869140625,17,6,4.5,172,45.9
2019-10-29,9598.3369140625,34,4,9.1,185,49.3
2019-10-30,9647.537109375,32,1,8.5,193,51.5
2019-10-31,9689.6376953125,30,5,8.0,201,53.6
2019-11-01,9703.9873046875,16,2,4.3,207,55.2
2019-11-04,9732.3876953125,16,1,4.3,210,56.0
2019-11-05,9694.037109375,15,3,4.0,200,53.3
2019-11-06,9721.3369140625,13,2,3.5,200,53.3
2019-11-07,9764.287109375,15,1,4.0,202,53.9
2019-11-08,9683.287109375,22,2,5.9,192,51.2
2019-11-11,9695.8369140625,13,3,3.5,197,52.5
2019-11-13,9633.9375,18,6,4.8,184,49.1
2019-11-14,9650.3876953125,13,8,3.5,184,49.1
2019-11-15,9667.287109375,17,11,4.5,186,49.6
2019-11-18,9668.5869140625,14,6,3.7,186,49.6
2019-11-19,9702.1376953125,11,6,2.9,190,50.7
2019-11-20,9744.8876953125,12,8,3.2,193,51.5
2019-11-21,9712.3369140625,11,7,2.9,189,50.4
2019-11-22,9679.287109375,9,5,2.4,192,51.2
2019-11-25,9802.037109375,7,4,1.9,198,52.8
2019-11-26,9762.8369140625,9,7,2.4,194,51.7
2019-11-27,9815.9375,8,6,2.1,194,51.7
2019-11-28,9869.7373046875,12,4,3.2,202,53.9
2019-11-29,9813.6376953125,8,5,2.1,204,54.4
2019-12-02,9797.9873046875,11,4,2.9,201,53.6
2019-12-03,9743.1376953125,7,4,1.9,189,50.4
2019-12-04,9782.0869140625,10,3,2.7,191,50.9
2019-12-05,9757.5869140625,6,4,1.6,186,49.6
2019-12-06,9669.3876953125,3,8,0.8,169,45.1
2019-12-09,9671.4375,3,8,0.8,172,45.9
2019-12-10,9595.3876953125,2,10,0.5,164,43.7
2019-12-11,9636.2373046875,5,19,1.3,167,44.5
2019-12-12,9691.1376953125,8,10,2.1,172,45.9
2019-12-13,9783.5869140625,8,4,2.1,178,47.5
2019-12-16,9752.9873046875,15,3,4.0,180,48.0
2019-12-17,9831.3369140625,8,6,2.1,182,48.5
2019-12-18,9864.537109375,9,3,2.4,183,48.8
2019-12-19,9892.287109375,13,4,3.5,183,48.8
2019-12-20,9905.3369140625,8,1,2.1,184,49.1
2019-12-23,9897.6376953125,9,3,2.4,183,48.8
2019-12-24,9868.3876953125,5,2,1.3,185,49.3
2019-12-26,9817.1875,10,5,2.7,183,48.8
2019-12-27,9908.6875,14,3,3.7,198,52.8
2019-12-30,9924.6875,14,4,3.7,198,52.8
2019-12-31,9872.537109375,11,4,2.9,197,52.5
2020-01-01,9888.537109375,10,2,2.7,203,54.1
2020-01-02,9979.9873046875,21,2,5.6,216,57.6
2020-01-03,9941.6376953125,13,1,3.5,211,56.3
2020-01-06,9747.3876953125,6,4,1.6,192,51.2
2020-01-07,9805.3876953125,15,2,4.0,202,53.9
2020-01-08,9792.1875,14,5,3.7,203,54.1
2020-01-09,9943.8876953125,24,1,6.4,221,58.9
2020-01-10,9977.9873046875,25,1,6.7,224,59.7
2020-01-13,10042.4873046875,22,1,5.9,227,60.5
2020-01-14,10075.8359375,27,1,7.2,236,62.9
2020-01-15,10087.0361328125,40,1,10.7,240,64.0
2020-01-16,10110.0361328125,49,1,13.1,251,66.9
2020-01-17,10118.6865234375,33,1,8.8,255,68.0
2020-01-20,10025.6875,39,3,10.4,244,65.1
2020-01-21,9987.537109375,15,3,4.0,245,65.3
2020-01-22,9946.9873046875,19,6,5.1,243,64.8
2020-01-23,10021.3876953125,29,3,7.7,249,66.4
2020-01-24,10083.6865234375,32,1,8.5,254,67.7
2020-01-27,9999.5869140625,33,3,8.8,251,66.8
2020-01-28,9956.9375,21,3,5.6,246,65.4
2020-01-29,10009.287109375,27,3,7.2,254,67.6
2020-01-30,9919.1875,22,4,5.9,239,63.6
2020-01-31,9861.4375,16,6,4.3,238,63.3
2020-02-03,9650.537109375,16,25,4.3,210,55.9
2020-02-04,9853.037109375,27,8,7.2,225,59.8
2020-02-05,9951.3369140625,30,6,8.0,229,60.9
2020-02-06,10004.1875,26,3,6.9,244,64.9
2020-02-07,10000.7373046875,34,1,9.0,240,63.8
2020-02-10,9945.6376953125,22,2,5.9,231,61.4
2020-02-11,9987.037109375,27,6,7.2,231,61.4
2020-02-12,10037.0869140625,22,8,5.9,222,59.0
2020-02-13,10017.7373046875,23,6,6.1,223,59.3
2020-02-14,9961.037109375,28,7,7.4,217,57.7
2020-02-17,9890.9873046875,15,21,4.0,212,56.4
2020-02-18,9845.537109375,17,21,4.5,205,54.5
2020-02-19,9970.4873046875,27,2,7.2,212,56.4
2020-02-20,9958.6376953125,32,4,8.5,217,57.7
2020-02-24,9758.1875,19,12,5.1,200,53.2
2020-02-25,9724.6875,13,15,3.5,199,52.9
2020-02-26,9622.6875,3,32,0.8,188,50.0
2020-02-27,9579.3369140625,2,45,0.5,185,49.2
2020-02-28,9236.0380859375,0,61,0.0,157,41.8
2020-03-02,9178.7880859375,2,46,0.5,151,40.2
2020-03-03,9324.287109375,6,18,1.6,165,43.9
2020-03-04,9258.23828125,4,37,1.1,159,42.3
2020-03-05,9280.138671875,5,12,1.3,158,42.0
2020-03-06,9059.9384765625,2,71,0.5,144,38.3
2020-03-09,8631.337890625,3,111,0.8,117,31.0
2020-03-11,8618.0380859375,2,75,0.5,110,29.2
2020-03-12,7901.33984375,0,180,0.0,66,17.5
2020-03-13,8162.9892578125,0,238,0.0,79,21.0
2020-03-16,7591.89013671875,0,18,0.0,51,13.5
2020-03-17,7417.64013671875,0,34,0.0,50,13.2
2020-03-18,7010.54052734375,1,101,0.3,26,6.9
2020-03-19,6807.19140625,0,181,0.0,21,5.6
2020-03-20,7160.0908203125,0,49,0.0,37,9.8
2020-03-23,6242.99169921875,1,203,0.3,16,4.2
2020-03-24,6365.44189453125,0,162,0.0,21,5.6
2020-03-25,6723.9912109375,0,86,0.0,27,7.1
2020-03-26,6993.8408203125,0,20,0.0,28,7.4
2020-03-27,7003.29052734375,0,13,0.0,27,7.1
2020-03-30,6749.19140625,1,30,0.3,26,6.9
2020-03-31,6996.74072265625,2,22,0.5,32,8.4
2020-04-01,6761.94140625,2,19,0.5,29,7.7
2020-04-03,6638.44140625,1,32,0.3,29,7.7
2020-04-07,7148.99072265625,6,20,1.6,37,9.8
2020-04-08,7161.44091796875,9,6,2.4,42,11.1
2020-04-09,7441.64013671875,7,3,1.8,50,13.2
2020-04-13,7360.34033203125,3,6,0.8,55,14.5
2020-04-15,7344.34033203125,3,1,0.8,60,15.8
2020-04-16,7412.2900390625,1,3,0.3,62,16.4
2020-04-17,7614.39013671875,4,0,1.1,72,19.0
2020-04-20,7614.59033203125,1,0,0.3,72,19.0
2020-04-21,7395.84033203125,4,1,1.1,65,17.2
2020-04-22,7533.7900390625,2,7,0.5,69,18.2
2020-04-23,7625.2900390625,0,0,0.0,74,19.5
2020-04-24,7493.4404296875,3,5,0.8,69,18.2
2020-04-27,7603.9404296875,5,6,1.3,76,20.1
2020-04-28,7672.43994140625,5,4,1.3,77,20.3
2020-04-29,7797.18994140625,2,4,0.5,77,20.3
2020-04-30,8012.88916015625,1,0,0.3,81,21.4
2020-05-04,7596.89013671875,3,5,0.8,69,18.2
2020-05-05,7523.0400390625,3,9,0.8,58,15.3
2020-05-06,7575.490234375,1,11,0.3,62,16.4
2020-05-07,7520.84033203125,1,9,0.3,62,16.4
2020-05-08,7551.990234375,2,8,0.5,61,16.1
2020-05-11,7556.39013671875,0,11,0.0,60,15.8
2020-05-12,7520.89013671875,1,13,0.3,62,16.4
2020-05-13,7666.98974609375,1,2,0.3,70,18.5
2020-05-14,7514.5400390625,1,1,0.3,64,16.9
2020-05-15,7504.0400390625,2,3,0.5,65,17.2
2020-05-18,7245.24072265625,1,21,0.3,59,15.6
2020-05-19,7284.490234375,1,21,0.3,63,16.6
2020-05-20,7426.84033203125,1,13,0.3,65,17.2
2020-05-21,7470.59033203125,3,8,0.8,71,18.7
2020-05-22,7415.990234375,6,18,1.6,69,18.2
2020-05-26,7424.490234375,6,12,1.6,70,18.5
2020-05-27,7595.5400390625,2,10,0.5,71,18.7
2020-05-28,7732.23974609375,2,0,0.5,79,20.8
2020-05-29,7822.3896484375,5,2,1.3,89,23.5
2020-06-01,8020.08935546875,8,2,2.1,98,25.9
2020-06-02,8137.439453125,6,0,1.6,104,27.4
2020-06-03,8202.9892578125,7,1,1.8,108,28.5
2020-06-04,8185.88916015625,3,0,0.8,113,29.8
2020-06-05,8299.3388671875,6,0,1.6,121,31.9
2020-06-08,8323.939453125,6,0,1.6,127,33.5
2020-06-09,8238.0888671875,8,0,2.1,127,33.5
2020-06-10,8293.3388671875,8,0,2.1,127,33.5
2020-06-11,8136.9892578125,7,0,1.8,116,30.6
2020-06-12,8196.3896484375,3,0,0.8,122,32.2
2020-06-15,8086.439453125,8,0,2.1,117,30.9
2020-06-16,8152.2890625,9,0,2.4,116,30.6
2020-06-17,8140.439453125,8,0,2.1,126,33.2
2020-06-18,8283.6396484375,12,0,3.2,136,35.9
2020-06-19,8403.3896484375,12,0,3.2,142,37.5
2020-06-22,8486.439453125,12,0,3.2,151,39.8
2020-06-23,8621.087890625,7,0,1.8,162,42.7
2020-06-24,8496.2392578125,9,0,2.4,162,42.7
2020-06-25,8499.8896484375,4,0,1.1,155,40.9
2020-06-26,8558.9892578125,5,0,1.3,160,42.2
2020-06-29,8488.0390625,5,0,1.3,153,40.4
2020-06-30,8474.7890625,4,0,1.1,151,39.8
2020-07-01,8554.7392578125,4,0,1.1,159,42.0
2020-07-02,8647.837890625,4,0,1.1,162,42.7
2020-07-03,8696.23828125,7,0,1.8,168,44.3
2020-07-06,8815.6884765625,13,0,3.4,180,47.5
2020-07-07,8850.2880859375,11,0,2.9,179,47.2
2020-07-08,8784.98828125,12,0,3.2,172,45.4
2020-07-09,8851.48828125,11,0,2.9,173,45.6
2020-07-10,8813.9384765625,12,0,3.2,167,44.1
2020-07-13,8834.1884765625,13,0,3.4,177,46.7
2020-07-14,8693.337890625,6,0,1.6,160,42.2
2020-07-15,8689.837890625,15,0,4.0,159,42.0
2020-07-16,8766.587890625,14,0,3.7,163,43.0
2020-07-17,8895.2880859375,10,0,2.6,173,45.6
2020-07-20,8985.087890625,13,0,3.4,181,47.8
2020-07-21,9070.587890625,16,0,4.2,186,49.1
2020-07-22,9046.587890625,12,0,3.2,188,49.6
2020-07-23,9114.0380859375,9,0,2.4,192,50.7
2020-07-24,9085.9384765625,14,0,3.7,187,49.3
2020-07-27,9024.888671875,16,0,4.2,175,46.2
2020-07-28,9141.73828125,12,0,3.2,188,49.6
2020-07-29,9096.087890625,9,0,2.4,187,49.3
2020-07-30,9031.6884765625,16,0,4.2,181,47.8
2020-07-31,9035.73828125,24,0,6.3,184,48.5
2020-08-03,8932.0380859375,31,0,8.2,183,48.3
2020-08-04,9074.9384765625,17,0,4.5,192,50.7
2020-08-05,9088.73828125,21,0,5.5,198,52.2
2020-08-06,9169.087890625,18,0,4.7,205,54.1
2020-08-07,9198.638671875,22,0,5.8,215,56.7
2020-08-10,9268.5380859375,33,0,8.7,224,59.1
2020-08-11,9290.98828125,21,0,5.5,225,59.4
2020-08-12,9284.7880859375,13,0,3.4,229,60.4
2020-08-13,9307.837890625,10,0,2.6,236,62.3
2020-08-14,9214.388671875,12,0,3.2,230,60.7
2020-08-17,9267.888671875,10,0,2.6,237,62.5
2020-08-18,9382.037109375,13,0,3.4,246,64.9
2020-08-19,9412.537109375,17,0,4.5,265,69.9
2020-08-20,9368.7373046875,10,0,2.6,269,71.0
2020-08-21,9423.537109375,25,0,6.6,275,72.4
2020-08-24,9498.3369140625,27,0,7.1,280,73.7
2020-08-25,9509.2373046875,28,0,7.4,278,73.2
2020-08-26,9567.1376953125,19,0,5.0,290,76.3
2020-08-27,9580.6875,16,0,4.2,293,77.1
2020-08-28,9641.037109375,9,0,2.4,298,78.4
2020-08-31,9372.037109375,5,1,1.3,255,67.1
2020-09-01,9442.2373046875,3,1,0.8,263,69.2
2020-09-02,9518.3876953125,8,0,2.1,275,72.4
2020-09-03,9534.6376953125,14,0,3.7,277,72.9
2020-09-04,9377.9375,8,0,2.1,261,68.7
2020-09-07,9379.0869140625,9,0,2.4,258,67.9
2020-09-08,9329.8369140625,11,0,2.9,247,65.0
2020-09-09,9290.1884765625,2,0,0.5,237,62.4
2020-09-10,9420.2373046875,8,0,2.1,250,65.8
2020-09-11,9446.3876953125,9,0,2.4,254,66.8
2020-09-14,9493.287109375,27,0,7.1,269,70.8
2020-09-15,9573.3369140625,30,0,7.9,268,70.5
2020-09-16,9632.4873046875,22,0,5.8,273,71.8
2020-09-17,9566.7373046875,16,0,4.2,268,70.5
2020-09-18,9559.4873046875,27,0,7.1,266,70.0
2020-09-21,9312.9873046875,19,0,5.0,241,63.4
2020-09-22,9213.888671875,1,0,0.3,224,58.9
2020-09-23,9194.337890625,5,0,1.3,227,59.7
2020-09-24,8944.73828125,2,0,0.5,205,53.9
2020-09-25,9156.087890625,6,0,1.6,225,59.2
2020-09-28,9330.2373046875,13,0,3.4,247,65.0
2020-09-29,9319.6875,14,0,3.7,245,64.5
2020-09-30,9341.7373046875,7,0,1.8,246,64.7
2020-10-01,9461.6875,6,0,1.6,251,66.1
2020-10-05,9516.287109375,17,0,4.5,250,65.4
2020-10-06,9622.3369140625,16,0,4.2,254,66.5
2020-10-07,9654.4873046875,15,1,3.9,251,65.7
2020-10-08,9711.787109375,20,2,5.2,252,66.0
2020-10-09,9750.1376953125,9,2,2.4,252,66.0
2020-10-12,9745.3369140625,11,0,2.9,244,63.7
2020-10-13,9736.4375,11,1,2.9,237,61.7
2020-10-14,9763.3876953125,12,1,3.1,238,62.0
2020-10-15,9550.037109375,10,2,2.6,227,59.1
2020-10-16,9626.2373046875,6,2,1.6,235,61.2
2020-10-19,9709.287109375,13,1,3.4,239,62.2
2020-10-20,9732.9873046875,10,2,2.6,243,63.3
2020-10-21,9756.5869140625,16,1,4.2,248,64.6
2020-10-22,9745.037109375,14,0,3.6,254,66.1
2020-10-23,9780.3369140625,17,1,4.4,260,67.7
2020-10-26,9647.6376953125,13,1,3.4,260,67.7
2020-10-27,9748.287109375,13,0,3.4,261,68.0
2020-10-28,9632.3369140625,11,1,2.9,257,66.9
2020-10-29,9593.3876953125,13,0,3.4,246,64.1
2020-10-30,9581.6376953125,18,1,4.7,247,64.3
2020-11-02,9595.9375,9,2,2.3,244,63.5
2020-11-03,9696.287109375,8,1,2.1,253,65.9
2020-11-04,9764.5869140625,8,1,2.1,260,67.7
2020-11-05,9935.3369140625,12,0,3.1,277,72.1
2020-11-06,10033.4873046875,21,0,5.5,282,73.4
2020-11-09,10176.3359375,25,1,6.5,289,75.3
2020-11-10,10268.986328125,18,1,4.7,300,78.1
2020-11-11,10356.486328125,14,1,3.6,309,80.5
2020-11-12,10342.6865234375,15,1,3.9,309,80.5
2020-11-13,10387.1865234375,23,0,6.0,314,81.8
2020-11-17,10523.986328125,39,0,10.2,329,85.7
2020-11-18,10588.3359375,33,0,8.6,332,86.5
2020-11-19,10477.486328125,35,0,9.1,336,87.5
2020-11-20,10560.5361328125,23,0,6.0,343,89.1
2020-11-23,10635.9365234375,41,0,10.6,344,89.4
2020-11-24,10733.5859375,37,0,9.6,354,91.9
2020-11-25,10574.9365234375,28,0,7.3,354,91.9
2020-11-26,10674.0361328125,22,0,5.7,357,92.7
2020-11-27,10719.0361328125,38,0,9.9,358,93.0
2020-12-01,10835.1357421875,47,0,12.2,365,94.8
2020-12-02,10858.1357421875,40,0,10.4,369,95.8
2020-12-03,10893.5849609375,39,0,10.1,372,96.6
2020-12-04,10978.8349609375,47,0,12.2,373,96.9
2020-12-07,11070.2353515625,42,0,10.9,375,97.4
2020-12-08,11088.6357421875,31,0,8.1,374,97.1
2020-12-09,11181.185546875,29,0,7.5,375,97.4
2020-12-10,11141.3349609375,20,0,5.2,375,97.4
2020-12-11,11171.3857421875,30,0,7.8,375,97.4
2020-12-14,11215.2353515625,33,0,8.6,376,97.7
2020-12-15,11223.8857421875,26,0,6.8,377,97.9
2020-12-16,11320.0849609375,45,0,11.7,378,98.2
2020-12-17,11346.3349609375,43,0,11.2,378,98.2
2020-12-18,11354.9853515625,25,0,6.5,378,98.2
2020-12-21,10964.2353515625,21,0,5.5,367,95.3
2020-12-22,11075.7353515625,6,0,1.6,370,96.1
2020-12-23,11225.53515625,28,0,7.3,377,97.9
2020-12-24,11325.2353515625,35,0,9.1,376,97.7
2020-12-28,11434.685546875,38,0,9.9,378,98.2
2020-12-29,11466.9853515625,36,0,9.4,378,98.2
2020-12-30,11509.6357421875,32,0,8.3,378,98.2
2020-12-31,11518.28515625,28,0,7.3,378,98.2
2021-01-04,11691.7841796875,76,0,19.7,378,98.2
2021-01-05,11766.984375,66,0,17.1,378,98.2
2021-01-06,11737.884765625,75,0,19.5,379,98.4
2021-01-07,11766.083984375,72,0,18.7,379,98.4
2021-01-08,11925.583984375,80,0,20.8,379,98.4
2021-01-11,12006.484375,87,0,22.6,379,98.4
2021-01-12,12058.333984375,58,0,15.1,379,98.4
2021-01-13,12041.083984375,41,0,10.6,379,98.4
2021-01-14,12069.484375,34,0,8.8,379,98.4
2021-01-15,11931.1845703125,30,0,7.8,378,98.2
2021-01-18,11776.1845703125,13,0,3.4,378,98.2
2021-01-19,11981.833984375,24,0,6.2,378,98.2
2021-01-20,12078.333984375,32,0,8.3,378,98.2
2021-01-21,12015.9345703125,40,0,10.4,376,97.7
2021-01-22,11854.484375,28,0,7.3,371,96.4
2021-01-25,11743.6845703125,24,0,6.2,370,96.1
2021-01-27,11546.333984375,7,0,1.8,366,95.1
2021-01-28,11442.53515625,4,0,1.0,363,94.3
2021-01-29,11302.3857421875,7,0,1.8,359,93.0
2021-02-01,11770.134765625,15,0,3.9,362,93.8
2021-02-02,12053.234375,41,0,10.6,365,94.6
2021-02-03,12174.0341796875,53,1,13.7,368,95.1
2021-02-04,12285.833984375,54,2,14.0,375,96.9
2021-02-05,12279.833984375,55,0,14.2,370,95.6
2021-02-08,12441.283203125,63,0,16.3,374,96.6
2021-02-09,12434.18359375,49,0,12.7,371,95.9
2021-02-10,12452.43359375,36,0,9.3,368,95.1
2021-02-11,12514.0830078125,44,0,11.4,368,95.1
2021-02-12,12508.533203125,30,0,7.8,368,95.1
2021-02-15,12632.033203125,43,1,11.1,364,94.1
2021-02-16,12647.18359375,56,0,14.5,367,94.8
2021-02-17,12597.43359375,44,0,11.4,364,94.1
2021-02-18,12565.68359375,57,0,14.7,363,93.8
2021-02-19,12438.783203125,41,0,10.6,364,94.1
2021-02-22,12212.5341796875,29,0,7.5,360,93.0
2021-02-23,12263.6845703125,29,0,7.5,363,93.8
2021-02-24,12455.18359375,39,0,10.1,362,93.5
2021-02-25,12567.8330078125,57,0,14.7,363,93.8
2021-02-26,12181.384765625,35,0,9.0,362,93.3
2021-03-01,12368.283203125,46,0,11.9,361,93.0
2021-03-02,12519.3837890625,60,0,15.5,361,93.0
2021-03-03,12764.783203125,72,0,18.6,367,94.6
2021-03-04,12688.8330078125,67,0,17.3,369,95.1
2021-03-05,12538.9833984375,35,0,9.0,367,94.6
2021-03-08,12558.93359375,34,0,8.8,368,94.8
2021-03-09,12617.18359375,33,0,8.5,368,94.8
2021-03-10,12691.3330078125,21,0,5.4,366,94.3
2021-03-12,12593.8837890625,33,0,8.5,365,94.1
2021-03-15,12510.1337890625,24,1,6.2,359,92.5
2021-03-16,12512.68359375,33,1,8.5,359,92.5
2021-03-17,12319.8837890625,15,1,3.9,350,90.2
2021-03-18,12174.4345703125,6,1,1.5,346,89.2
2021-03-19,12314.4833984375,9,1,2.3,345,88.7
2021-03-22,12338.5830078125,18,0,4.6,347,89.2
2021-03-23,12417.283203125,20,1,5.1,347,89.2
2021-03-24,12197.1845703125,14,0,3.6,346,88.7
2021-03-25,11993.2841796875,4,1,1.0,327,83.6
2021-03-26,12148.884765625,7,1,1.8,335,85.5
2021-03-30,12387.8837890625,20,4,5.1,343,87.5
2021-03-31,12313.68359375,22,3,5.6,338,86.2
2021-04-01,12478.9833984375,31,1,7.9,346,88.3
2021-04-05,12298.5830078125,28,2,7.1,337,86.0
2021-04-06,12358.0830078125,36,1,9.2,338,86.2
2021-04-07,12481.283203125,40,1,10.2,346,88.3
2021-04-08,12541.6337890625,52,1,13.3,346,88.3
2021-04-09,12527.3837890625,36,1,9.2,351,89.5
2021-04-12,12024.083984375,12,2,3.1,320,81.6
2021-04-13,12186.6845703125,5,0,1.3,331,84.4
2021-04-15,12237.583984375,8,1,2.0,330,84.2
2021-04-16,12298.033203125,16,1,4.1,334,85.2
2021-04-19,12076.4345703125,12,3,3.1,323,82.2
2021-04-20,12055.384765625,20,1,5.1,323,82.2
2021-04-22,12132.0341796875,19,1,4.8,325,82.7
2021-04-23,12105.583984375,17,1,4.3,325,82.7
2021-04-26,12216.833984375,25,1,6.4,330,84.0
2021-04-27,12362.533203125,26,1,6.6,335,85.2
2021-04-28,12517.93359375,32,1,8.1,337,85.8
2021-04-29,12532.783203125,31,0,7.9,333,84.7
2021-04-30,12364.3330078125,31,1,7.9,332,84.5
2021-05-03,12395.2333984375,40,1,10.2,330,84.0
2021-05-04,12300.43359375,40,1,10.2,333,84.7
2021-05-05,12412.9833984375,25,1,6.4,336,85.5
2021-05-06,12501.8837890625,38,1,9.7,339,86.3
2021-05-07,12563.0830078125,49,1,12.5,339,86.3
2021-05-10,12669.8837890625,54,0,13.7,348,88.5
2021-05-11,12642.2333984375,47,0,12.0,349,88.8
2021-05-12,12537.93359375,42,0,10.7,351,89.3
2021-05-14,12472.1337890625,13,0,3.3,347,88.3
2021-05-17,12672.0830078125,19,0,4.8,355,90.3
2021-05-18,12839.0830078125,32,0,8.1,358,91.1
2021-05-19,12808.9833984375,31,0,7.9,357,90.8
2021-05-20,12736.43359375,20,0,5.1,355,90.3
2021-05-21,12917.8330078125,25,0,6.4,358,91.1
2021-05-24,12962.43359375,31,0,7.9,361,91.9
2021-05-25,12962.9833984375,41,0,10.4,358,91.1
2021-05-26,13022.18359375,38,0,9.7,361,91.9
2021-05-27,13066.232421875,34,0,8.7,362,92.1
2021-05-28,13117.0322265625,23,0,5.9,365,92.9
2021-05-31,13226.33203125,26,0,6.6,364,92.6
2021-06-01,13210.3828125,26,0,6.6,362,92.1
2021-06-02,13274.232421875,35,0,8.9,366,93.1
2021-06-03,13380.482421875,49,0,12.5,370,94.1
2021-06-04,13393.8828125,52,0,13.2,371,94.4
2021-06-07,13479.6328125,65,0,16.5,377,95.9
2021-06-08,13496.5322265625,63,0,16.0,377,95.9
2021-06-09,13396.3828125,58,0,14.8,373,94.9
2021-06-10,13517.1826171875,35,0,8.9,379,96.4
2021-06-11,13563.83203125,47,0,12.0,380,96.7
2021-06-14,13554.1328125,36,0,9.2,381,96.9
2021-06-15,13607.7822265625,53,0,13.5,381,96.9
2021-06-16,13510.58203125,40,0,10.2,380,96.7
2021-06-17,13425.1328125,30,0,7.6,377,95.9
2021-06-18,13386.5322265625,21,0,5.3,374,95.2
2021-06-21,13456.08203125,24,0,6.1,378,96.2
2021-06-22,13491.08203125,38,0,9.7,378,96.2
2021-06-23,13423.33203125,34,0,8.7,377,95.9
2021-06-24,13468.232421875,20,0,5.1,375,94.9
2021-06-25,13539.3828125,26,0,6.6,379,95.9
2021-06-28,13533.0322265625,31,0,7.8,380,96.0
2021-06-29,13481.9326171875,20,1,5.1,380,96.0
2021-06-30,13473.5322265625,38,2,9.6,375,94.7
2021-07-01,13454.08203125,30,1,7.6,375,94.7
2021-07-02,13494.4326171875,36,0,9.1,375,94.7
2021-07-05,13585.732421875,47,0,11.9,377,95.2
2021-07-06,13574.1328125,39,0,9.8,377,95.2
2021-07-07,13630.982421875,30,0,7.6,378,95.5
2021-07-08,13532.6826171875,33,0,8.3,376,94.9
2021-07-09,13527.9326171875,29,0,7.3,376,94.9
2021-07-12,13548.982421875,51,0,12.9,376,94.9
2021-07-13,13628.83203125,44,0,11.1,377,95.2
2021-07-14,13661.08203125,42,0,10.6,378,95.5
2021-07-15,13720.33203125,59,0,14.9,377,95.2
2021-07-16,13742.33203125,58,0,14.6,377,95.2
2021-07-19,13619.83203125,44,0,11.1,374,94.2
2021-07-20,13495.58203125,26,0,6.5,371,93.5
2021-07-22,13670.1826171875,35,0,8.8,373,94.0
2021-07-23,13686.982421875,39,0,9.8,368,92.5
2021-07-26,13675.08203125,48,0,12.1,369,92.7
2021-07-27,13610.2822265625,49,0,12.3,367,92.2
2021-07-28,13579.1328125,31,0,7.8,361,90.7
2021-07-29,13643.732421875,42,0,10.6,358,89.9
2021-07-30,13664.232421875,41,0,10.3,360,90.5
2021-08-02,13783.681640625,49,0,12.3,365,91.7
2021-08-03,13939.181640625,54,1,13.6,365,91.7
2021-08-04,13969.3310546875,41,1,10.3,364,91.5
2021-08-05,13981.53125,13,1,3.3,355,89.2
2021-08-06,13954.6318359375,17,0,4.3,355,89.2
2021-08-09,13935.03125,19,0,4.8,351,88.2
2021-08-10,13892.7314453125,16,1,4.0,339,85.2
2021-08-11,13876.53125,11,2,2.8,333,83.7
2021-08-12,13971.931640625,23,1,5.8,348,87.4
2021-08-13,14065.28125,28,1,7.0,345,86.7
2021-08-16,14070.78125,29,2,7.3,338,84.7
2021-08-17,14113.0810546875,32,3,8.0,329,82.5
2021-08-18,14095.53125,37,3,9.3,327,82.0
2021-08-20,13943.931640625,19,5,4.8,308,77.0
2021-08-23,13930.53125,20,6,5.0,293,73.1
2021-08-24,14063.2314453125,14,3,3.5,307,76.4
2021-08-25,14093.5810546875,16,2,4.0,310,77.1
2021-08-26,14106.931640625,15,4,3.7,316,78.6
2021-08-27,14192.4814453125,24,2,6.0,320,79.6
2021-08-30,14397.8818359375,39,0,9.7,326,81.1
2021-08-31,14555.880859375,47,0,11.7,328,81.6
2021-09-01,14551.330078125,60,0,14.9,327,81.3
2021-09-02,14684.330078125,49,0,12.2,331,82.3
2021-09-03,14759.2802734375,41,0,10.2,334,83.1
2021-09-06,14805.830078125,45,0,11.2,336,83.6
2021-09-07,14784.23046875,33,0,8.2,338,84.1
2021-09-08,14803.580078125,28,0,7.0,340,84.6
2021-09-09,14836.4306640625,31,0,7.7,342,85.1
2021-09-13,14852.1806640625,41,0,10.2,339,84.3
2021-09-14,14904.330078125,52,0,12.9,346,85.6
2021-09-15,15020.5302734375,54,0,13.4,353,87.4
2021-09-16,15104.880859375,47,0,11.6,356,88.1
2021-09-17,15027.23046875,35,0,8.7,349,86.4
2021-09-20,14826.73046875,21,1,5.2,335,82.9
2021-09-21,14946.2802734375,16,2,4.0,338,83.7
2021-09-22,14990.5302734375,38,0,9.4,346,85.6
2021-09-23,15205.4306640625,52,0,12.9,349,86.4
2021-09-24,15191.9306640625,45,1,11.1,343,84.9
2021-09-27,15189.0302734375,29,2,7.2,342,84.7
2021-09-28,15095.580078125,26,1,6.4,341,84.4
2021-09-29,15086.9306640625,33,1,8.2,344,85.1
2021-09-30,15052.630859375,35,1,8.7,351,86.9
2021-10-01,15013.9306640625,29,0,7.2,351,86.9
2021-10-04,15181.130859375,41,0,10.1,355,87.9
2021-10-05,15280.0791015625,35,0,8.7,354,87.6
2021-10-06,15134.5302734375,30,0,7.4,352,87.1
2021-10-07,15290.1298828125,31,1,7.7,354,87.6
2021-10-08,15365.1796875,34,0,8.4,357,88.4
2021-10-11,15427.9794921875,52,0,12.8,359,88.6
2021-10-12,15481.8798828125,44,1,10.9,359,88.6
2021-10-13,15631.3798828125,59,1,14.6,364,89.9
2021-10-14,15769.2294921875,59,0,14.6,362,89.4
2021-10-18,15886.1298828125,69,0,17.0,362,89.4
2021-10-19,15757.8291015625,56,0,13.8,357,88.1
2021-10-20,15568.6298828125,10,1,2.5,349,86.2
2021-10-21,15487.6298828125,10,1,2.5,343,84.7
2021-10-22,15399.6796875,12,3,3.0,338,83.5
2021-10-25,15334.3291015625,16,3,4.0,325,80.2
2021-10-26,15499.6298828125,12,0,3.0,331,81.7
2021-10-27,15484.3291015625,9,1,2.2,330,81.5
2021-10-28,15190.830078125,7,2,1.7,320,79.0
2021-10-29,15086.880859375,11,3,2.7,316,78.0
2021-11-01,15302.6796875,12,0,3.0,322,79.5
2021-11-02,15314.6298828125,16,1,4.0,324,80.0
2021-11-03,15282.7294921875,23,1,5.7,322,79.5
2021-11-04,15376.8798828125,15,0,3.7,335,82.7
2021-11-08,15520.1298828125,42,1,10.4,339,83.7
2021-11-09,15541.9296875,33,0,8.1,343,84.7
2021-11-10,15521.0791015625,28,1,6.9,341,84.0
2021-11-11,15411.0791015625,19,1,4.7,337,83.0
2021-11-12,15578.9794921875,32,1,7.9,336,82.8
2021-11-15,15592.5791015625,28,1,6.9,329,80.8
2021-11-16,15525.3798828125,25,3,6.1,324,79.6
2021-11-17,15454.9296875,25,3,6.1,320,78.6
2021-11-18,15302.529296875,17,5,4.2,313,76.5
2021-11-22,14976.6806640625,10,11,2.4,283,69.2
2021-11-23,15107.7802734375,7,7,1.7,296,72.2
2021-11-24,15046.48046875,17,0,4.1,294,71.7
2021-11-25,15150.580078125,17,2,4.1,298,72.7
2021-11-26,14707.1806640625,13,5,3.2,272,66.3
2021-11-29,14656.4306640625,5,11,1.2,265,64.6
2021-11-30,14648.330078125,6,5,1.5,266,64.9
2021-12-01,14784.6806640625,6,2,1.5,267,65.1
2021-12-02,14973.9306640625,13,1,3.2,279,68.0
2021-12-03,14856.2802734375,15,0,3.7,285,69.5
2021-12-06,14618.330078125,15,6,3.7,268,65.4
2021-12-07,14834.48046875,9,4,2.2,284,69.3
2021-12-08,15073.23046875,10,1,2.4,293,71.5
2021-12-09,15126.580078125,15,0,3.7,295,72.0
2021-12-10,15154.98046875,15,1,3.6,304,74.0
2021-12-13,15064.23046875,24,1,5.8,298,72.3
2021-12-14,15043.23046875,16,3,3.9,291,70.5
2021-12-15,14953.080078125,14,2,3.4,287,69.5
2021-12-16,14936.4306640625,11,5,2.7,277,67.1
2021-12-17,14673.130859375,6,10,1.5,254,61.5
2021-12-20,14300.681640625,1,24,0.2,227,55.0
2021-12-21,14461.3818359375,3,3,0.7,236,57.0
2021-12-22,14639.73046875,3,2,0.7,244,58.9
2021-12-23,14751.4306640625,7,0,1.7,250,60.4
2021-12-24,14664.7802734375,10,2,2.4,239,57.6
2021-12-27,14727.580078125,11,8,2.7,241,58.1
2021-12-28,14867.830078125,14,1,3.4,256,61.7
2021-12-29,14863.380859375,9,1,2.2,262,63.1
2021-12-30,14842.0302734375,15,1,3.6,264,63.6
2021-12-31,14996.1806640625,13,1,3.1,266,64.1
2022-01-03,15204.580078125,25,1,6.0,285,68.7
2022-01-04,15318.7294921875,28,1,6.7,282,68.0
2022-01-05,15396.3798828125,14,1,3.4,294,70.8
2022-01-06,15290.0791015625,12,2,2.9,285,68.7
2022-01-07,15348.529296875,18,1,4.3,287,69.2
2022-01-10,15495.529296875,17,1,4.1,295,71.1
2022-01-11,15530.529296875,21,2,5.1,294,70.8
2022-01-12,15667.8798828125,21,1,5.1,293,70.6
2022-01-13,15721.029296875,22,1,5.3,304,73.3
2022-01-14,15730.3798828125,23,2,5.5,302,72.8
2022-01-17,15781.2294921875,36,1,8.7,310,74.7
2022-01-18,15573.0791015625,30,1,7.2,287,69.2
2022-01-19,15472.4794921875,10,4,2.4,284,68.4
2022-01-20,15361.0791015625,15,6,3.6,280,67.5
2022-01-21,15180.7802734375,12,8,2.9,269,64.8
2022-01-24,14712.0302734375,3,20,0.7,233,56.1
2022-01-25,14832.1806640625,5,19,1.2,248,59.8
2022-01-27,14679.6806640625,6,8,1.4,237,57.1
2022-01-28,14723.23046875,4,4,1.0,241,58.1
2022-01-31,14921.4306640625,10,3,2.4,252,60.7
2022-02-01,15116.1806640625,11,1,2.7,261,62.9
2022-02-02,15293.3291015625,19,0,4.6,276,66.5
2022-02-03,15135.880859375,17,1,4.1,266,64.1
2022-02-04,15085.4306640625,8,2,1.9,256,61.7
2022-02-07,14870.580078125,13,7,3.1,254,61.2
2022-02-08,14857.0302734375,6,9,1.4,243,58.4
2022-02-09,15016.330078125,8,5,1.9,249,59.9
2022-02-10,15112.1806640625,9,4,2.2,250,60.1
2022-02-11,14891.2802734375,4,8,1.0,235,56.5
2022-02-14,14400.3818359375,3,30,0.7,198,47.6
2022-02-15,14805.5302734375,1,26,0.2,217,52.2
2022-02-16,14789.880859375,3,3,0.7,222,53.4
2022-02-17,14772.0302734375,3,5,0.7,215,51.7
2022-02-18,14710.6806640625,1,8,0.2,214,51.4
2022-02-21,14597.080078125,2,35,0.5,201,48.3
2022-02-22,14489.03125,1,53,0.2,181,43.5
2022-02-23,14506.931640625,1,7,0.2,189,45.4
2022-02-24,13775.6826171875,0,71,0.0,126,30.3
2022-02-25,14187.3818359375,0,2,0.0,161,38.7
2022-02-28,14307.931640625,2,8,0.5,171,41.1
2022-03-02,14199.78125,5,4,1.2,164,39.4
2022-03-03,14135.931640625,9,7,2.2,167,40.1
2022-03-04,13893.1318359375,4,25,1.0,149,35.8
2022-03-07,13564.232421875,3,50,0.7,128,30.8
2022-03-08,13706.732421875,3,22,0.7,138,33.2
2022-03-09,13979.5810546875,1,1,0.2,156,37.5
2022-03-10,14188.9814453125,4,0,1.0,165,39.7
2022-03-11,14237.1318359375,6,0,1.4,173,41.6
2022-03-14,14374.5810546875,9,4,2.2,172,41.3
2022-03-15,14215.8310546875,6,2,1.4,161,38.7
2022-03-16,14481.78125,6,2,1.4,177,42.5
2022-03-17,14721.6806640625,7,0,1.7,190,45.7
2022-03-21,14602.330078125,12,1,2.9,184,44.2
2022-03-22,14724.0302734375,4,2,1.0,187,45.0
2022-03-23,14695.130859375,9,1,2.2,188,45.2
2022-03-24,14699.330078125,9,1,2.2,187,45.0
2022-03-25,14651.6806640625,18,2,4.3,187,45.0
2022-03-28,14675.830078125,17,8,4.1,183,43.9
2022-03-29,14761.880859375,20,9,4.8,186,44.6
2022-03-30,14896.880859375,18,5,4.3,198,47.5
2022-03-31,14894.48046875,12,3,2.9,203,48.7
2022-04-01,15087.2802734375,14,0,3.4,212,50.8
2022-04-04,15384.1796875,17,0,4.1,229,54.9
2022-04-05,15390.4794921875,30,0,7.2,233,55.9
2022-04-06,15327.8798828125,29,0,7.0,235,56.4
2022-04-07,15201.23046875,29,0,7.0,233,55.9
2022-04-08,15342.3798828125,21,0,5.0,245,58.6
2022-04-11,15325.4794921875,34,0,8.1,246,58.9
2022-04-12,15164.6806640625,17,0,4.1,231,55.3
2022-04-13,15138.5302734375,19,0,4.5,232,55.5
2022-04-18,14926.0302734375,24,0,5.7,217,51.9
2022-04-19,14726.630859375,33,0,7.9,211,50.5
2022-04-20,14850.2802734375,10,0,2.4,210,50.2
2022-04-21,15053.9306640625,17,0,4.1,229,54.8
2022-04-22,14894.830078125,19,0,4.5,231,55.3
2022-04-25,14672.98046875,8,2,1.9,211,50.5
2022-04-26,14898.330078125,16,0,3.8,221,52.9
2022-04-27,14755.98046875,10,1,2.4,216,51.7
2022-04-28,14913.880859375,11,1,2.6,221,52.9
2022-04-29,14783.330078125,11,1,2.6,207,49.5
2022-05-02,14736.2802734375,8,2,1.9,203,48.6
2022-05-04,14393.3310546875,8,5,1.9,172,41.1
2022-05-05,14395.4814453125,3,5,0.7,170,40.7
2022-05-06,14145.7314453125,0,18,0.0,147,35.2
2022-05-09,13991.7314453125,1,26,0.2,131,31.3
2022-05-10,13855.931640625,1,27,0.2,120,28.6
2022-05-11,13771.7822265625,0,51,0.0,115,27.4
2022-05-12,13465.232421875,0,56,0.0,102,24.3
2022-05-13,13471.482421875,0,20,0.0,113,27.0
2022-05-16,13571.1826171875,0,19,0.0,117,27.9
2022-05-17,13926.03125,1,5,0.2,134,31.9
2022-05-18,13918.181640625,5,3,1.2,142,33.8
2022-05-19,13550.8828125,4,23,1.0,128,30.5
2022-05-20,13895.03125,6,4,1.4,146,34.8
2022-05-23,13835.78125,9,8,2.1,140,33.3
2022-05-24,13747.232421875,3,19,0.7,137,32.5
2022-05-25,13587.732421875,1,41,0.2,112,26.6
2022-05-26,13722.5322265625,0,53,0.0,122,29.0
2022-05-27,13873.1318359375,1,4,0.2,131,31.0
2022-05-30,14154.78125,4,3,0.9,146,34.6
2022-05-31,14119.5810546875,10,4,2.4,146,34.6
2022-06-01,14082.8818359375,9,1,2.1,151,35.8
2022-06-02,14167.931640625,10,1,2.4,153,36.3
2022-06-03,14077.8818359375,2,10,0.5,144,34.1
2022-06-06,14054.0810546875,5,14,1.2,142,33.6
2022-06-07,13935.5810546875,5,13,1.2,131,31.0
2022-06-08,13886.8818359375,2,11,0.5,125,29.6
2022-06-09,13977.0810546875,1,9,0.2,127,30.1
2022-06-10,13781.7314453125,1,9,0.2,123,29.1
2022-06-13,13416.8828125,0,36,0.0,103,24.4
2022-06-14,13388.2822265625,2,33,0.5,101,23.9
2022-06-15,13380.83203125,3,14,0.7,104,24.6
2022-06-16,13089.1826171875,2,46,0.5,81,19.2
2022-06-17,12994.7333984375,1,87,0.2,77,18.2
2022-06-20,12950.7333984375,1,87,0.2,68,16.1
2022-06-21,13241.8828125,0,6,0.0,78,18.5
2022-06-22,13047.732421875,1,13,0.2,76,18.0
2022-06-23,13178.7822265625,1,11,0.2,81,19.2
2022-06-24,13322.482421875,2,4,0.5,91,21.6
2022-06-27,13444.5322265625,2,1,0.5,97,23.0
2022-06-28,13464.232421875,4,4,0.9,103,24.4
2022-06-29,13417.83203125,2,8,0.5,104,24.6
2022-06-30,13387.5322265625,2,6,0.5,97,23.0
2022-07-01,13394.4326171875,3,11,0.7,106,25.1
2022-07-04,13472.6328125,5,1,1.2,106,25.1
2022-07-05,13461.83203125,4,3,0.9,105,24.9
2022-07-06,13631.2822265625,6,6,1.4,119,28.2
2022-07-07,13765.58203125,10,0,2.4,124,29.4
2022-07-08,13828.2314453125,10,0,2.4,126,29.9
2022-07-11,13886.8310546875,15,1,3.6,137,32.5
2022-07-12,13778.9814453125,9,1,2.1,131,31.0
2022-07-13,13726.9326171875,4,2,0.9,137,32.5
2022-07-14,13702.6328125,1,5,0.2,137,32.5
2022-07-15,13790.181640625,6,6,1.4,138,32.7
2022-07-18,13984.3818359375,14,1,3.3,151,35.8
2022-07-19,14051.6318359375,19,0,4.5,159,37.7
2022-07-20,14164.3818359375,19,0,4.5,160,37.9
2022-07-21,14271.78125,18,2,4.3,178,42.2
2022-07-22,14336.5810546875,11,0,2.6,172,40.8
2022-07-25,14279.4814453125,13,2,3.1,177,41.9
2022-07-26,14141.431640625,10,2,2.4,164,38.9
2022-07-27,14262.53125,8,2,1.9,174,41.2
2022-07-28,14469.0810546875,14,1,3.3,185,43.8
2022-07-29,14665.630859375,20,0,4.7,201,47.6
2022-08-01,14846.830078125,27,0,6.4,221,52.4
2022-08-02,14876.580078125,29,0,6.9,224,53.1
2022-08-03,14878.0302734375,15,0,3.6,222,52.6
2022-08-04,14892.4306640625,18,0,4.3,220,52.1
2022-08-05,14900.380859375,17,0,4.0,222,52.6
2022-08-08,14993.330078125,12,1,2.8,227,53.8
2022-08-10,14985.7802734375,22,1,5.2,223,52.8
2022-08-11,15095.130859375,26,0,6.2,239,56.6
2022-08-12,15140.5302734375,19,0,4.5,241,57.1
2022-08-16,15280.4794921875,33,0,7.8,250,59.2
2022-08-17,15379.029296875,29,0,6.9,257,60.9
2022-08-18,15404.5791015625,19,0,4.5,264,62.6
2022-08-19,15236.630859375,15,0,3.6,253,60.0
2022-08-22,15001.73046875,8,1,1.9,238,56.4
2022-08-23,15090.48046875,7,0,1.7,253,60.0
2022-08-24,15140.380859375,16,0,3.8,256,60.7
2022-08-25,15100.630859375,23,0,5.5,265,62.8
2022-08-26,15147.5302734375,22,0,5.2,268,63.4
2022-08-29,14972.73046875,19,3,4.5,266,62.9
2022-08-30,15325.029296875,36,0,8.5,276,65.2
2022-09-01,15211.1806640625,40,1,9.5,275,65.0
2022-09-02,15201.580078125,36,1,8.5,275,65.0
2022-09-05,15294.3798828125,28,1,6.6,278,65.7
2022-09-06,15313.029296875,31,2,7.3,280,66.2
2022-09-07,15319.3798828125,27,1,6.4,291,68.8
2022-09-08,15440.6796875,37,0,8.7,295,69.7
2022-09-09,15467.3798828125,33,1,7.8,294,69.5
2022-09-12,15577.3798828125,24,1,5.7,305,72.1
2022-09-13,15669.8291015625,31,0,7.3,307,72.6
2022-09-14,15630.6796875,28,0,6.6,307,72.6
2022-09-15,15580.3291015625,44,0,10.4,307,72.6
2022-09-16,15243.9306640625,26,5,6.1,281,66.4
2022-09-19,15293.529296875,21,4,5.0,277,65.5
2022-09-20,15470.3291015625,29,0,6.9,286,67.6
2022-09-21,15361.2294921875,22,2,5.2,283,66.9
2022-09-22,15335.279296875,14,5,3.3,283,66.9
2022-09-23,15057.630859375,8,5,1.9,268,63.4
2022-09-26,14725.6806640625,1,18,0.2,228,53.9
2022-09-27,14727.2802734375,2,9,0.5,228,53.9
2022-09-28,14620.580078125,4,6,0.9,224,53.0
2022-09-29,14602.48046875,5,7,1.2,230,54.4
2022-09-30,14829.330078125,11,6,2.6,245,57.9
2022-10-03,14638.48046875,18,3,4.3,238,56.3
2022-10-04,14965.7802734375,20,0,4.7,265,62.6
2022-10-06,15053.0302734375,19,0,4.5,270,63.8
2022-10-07,15036.6806640625,12,1,2.8,268,63.4
2022-10-10,14951.630859375,12,2,2.8,255,60.3
2022-10-11,14721.880859375,7,4,1.7,236,55.8
2022-10-12,14829.9306640625,7,6,1.7,247,58.4
2022-10-13,14730.2802734375,8,6,1.9,242,57.2
2022-10-14,14815.080078125,11,5,2.6,238,56.3
2022-10-17,14906.130859375,7,8,1.7,240,56.7
2022-10-18,15056.5302734375,17,5,4.0,253,59.8
2022-10-19,15068.580078125,19,6,4.5,255,60.1
2022-10-20,15112.080078125,12,7,2.8,253,59.7
2022-10-21,15081.080078125,16,10,3.8,247,58.3
2022-10-24,15198.73046875,11,1,2.6,256,60.4
2022-10-25,15158.080078125,17,5,4.0,258,60.8
2022-10-27,15244.23046875,25,7,5.9,262,61.8
2022-10-28,15241.580078125,23,9,5.4,261,61.6
2022-10-31,15423.9794921875,24,4,5.7,271,63.9
2022-11-01,15537.3798828125,25,1,5.9,277,65.3
2022-11-02,15497.529296875,16,0,3.8,279,65.8
2022-11-03,15484.6796875,22,3,5.2,278,65.6
2022-11-04,15530.8291015625,23,4,5.4,285,67.2
2022-11-07,15615.1298828125,37,4,8.7,288,67.9
2022-11-09,15567.2294921875,37,1,8.7,284,67.0
2022-11-10,15439.9794921875,12,10,2.8,283,66.7
2022-11-11,15649.0791015625,19,3,4.5,287,67.7
2022-11-14,15650.1796875,12,5,2.8,293,69.1
2022-11-15,15693.8798828125,20,1,4.7,295,69.6
2022-11-16,15663.279296875,20,5,4.7,288,67.8
2022-11-17,15597.2294921875,15,6,3.5,279,65.6
2022-11-18,15550.8291015625,18,5,4.2,271,63.6
2022-11-21,15453.779296875,17,7,4.0,269,63.0
2022-11-22,15509.1796875,18,7,4.2,271,63.3
2022-11-23,15538.1298828125,18,9,4.2,274,64.0
2022-11-24,15680.779296875,24,4,5.6,282,65.9
2022-11-25,15727.2294921875,26,1,6.1,288,67.3
2022-11-28,15784.4296875,28,0,6.5,298,69.6
2022-11-29,15812.4296875,23,3,5.4,304,71.0
2022-11-30,15946.1298828125,16,2,3.7,318,74.3
2022-12-01,16003.9296875,14,0,3.3,315,73.6
2022-12-02,15963.4794921875,24,0,5.6,320,74.8
2022-12-05,15967.1796875,28,0,6.5,318,74.3
2022-12-06,15922.8291015625,21,0,4.9,315,73.6
2022-12-07,15861.9794921875,28,0,6.5,309,72.2
2022-12-08,15911.0791015625,30,0,7.0,312,72.9
2022-12-09,15812.7294921875,33,1,7.7,309,72.2
2022-12-12,15827.9794921875,14,2,3.3,311,72.7
2022-12-13,15904.4794921875,29,1,6.8,313,73.1
2022-12-14,15963.779296875,33,1,7.7,315,73.6
2022-12-15,15783.779296875,24,2,5.6,307,71.7
2022-12-16,15636.3291015625,9,3,2.1,300,70.1
2022-12-19,15755.1796875,9,6,2.1,302,70.6
2022-12-20,15726.1796875,14,6,3.3,300,70.1
2022-12-21,15527.529296875,12,5,2.8,287,67.1
2022-12-22,15431.4794921875,1,9,0.2,271,63.3
2022-12-23,15045.98046875,1,20,0.2,236,55.1
2022-12-27,15418.3291015625,4,1,0.9,272,63.6
2022-12-28,15432.779296875,5,2,1.2,276,64.5
2022-12-29,15485.1796875,9,3,2.1,276,64.3
2022-12-30,15448.8291015625,10,2,2.3,273,63.6
2023-01-02,15523.650390625,16,4,3.7,277,64.6
2023-01-03,15557.7998046875,17,1,4.0,281,65.5
2023-01-04,15393.0,3,2,0.7,274,63.9
2023-01-05,15386.2001953125,9,2,2.1,271,63.2
2023-01-06,15272.0,6,2,1.4,264,61.5
2023-01-09,15450.099609375,11,2,2.6,271,63.2
2023-01-10,15325.25,7,3,1.6,265,61.8
2023-01-11,15301.349609375,7,6,1.6,262,61.1
2023-01-12,15279.599609375,5,6,1.2,261,60.8
2023-01-13,15346.099609375,7,8,1.6,266,62.0
2023-01-16,15305.4501953125,7,5,1.6,264,61.5
2023-01-17,15396.150390625,5,7,1.2,257,59.9
2023-01-18,15466.349609375,7,6,1.6,260,60.6
2023-01-19,15419.7001953125,14,8,3.3,261,60.8
2023-01-20,15347.900390625,13,9,3.0,253,59.0
2023-01-23,15403.2001953125,6,12,1.4,257,59.9
2023-01-24,15388.5498046875,7,10,1.6,246,57.3
2023-01-25,15171.9501953125,3,16,0.7,239,55.7
2023-01-27,14874.75,3,26,0.7,222,51.7
2023-01-30,14854.2001953125,7,18,1.6,223,52.0
2023-01-31,14935.5,10,9,2.3,239,55.7
2023-02-01,14847.650390625,18,11,4.2,231,53.8
2023-02-02,14839.400390625,11,19,2.6,224,52.2
2023-02-03,14962.349609375,11,20,2.6,221,51.5
2023-02-06,14934.150390625,11,7,2.6,231,53.8
2023-02-07,14902.2001953125,10,8,2.3,233,54.3
2023-02-08,15028.2998046875,6,7,1.4,248,57.8
2023-02-09,15030.099609375,10,7,2.3,248,57.8
2023-02-10,15015.849609375,8,6,1.9,249,58.0
2023-02-13,14900.5,9,6,2.1,245,57.1
2023-02-14,14968.900390625,7,9,1.6,238,55.5
2023-02-15,15039.650390625,8,6,1.9,242,56.4
2023-02-16,15083.75,17,5,4.0,254,59.2
2023-02-17,15003.9501953125,10,7,2.3,242,56.4
2023-02-20,14938.650390625,10,12,2.3,243,56.5
2023-02-21,14913.9501953125,12,12,2.8,234,54.4
2023-02-22,14701.900390625,10,17,2.3,229,53.3
2023-02-23,14666.75,5,17,1.2,225,52.3
2023-02-24,14630.4501953125,5,16,1.2,214,49.8
2023-02-27,14548.7001953125,1,22,0.2,209,48.6
2023-02-28,14518.75,3,13,0.7,203,47.2
2023-03-01,14664.849609375,6,6,1.4,211,49.1
2023-03-02,14587.25,6,4,1.4,210,48.8
2023-03-03,14774.75,5,6,1.2,222,51.6
2023-03-06,14881.0,11,2,2.6,231,53.7
2023-03-08,14921.9501953125,19,7,4.4,238,55.3
2023-03-09,14803.9501953125,21,4,4.9,230,53.5
2023-03-10,14679.849609375,11,6,2.6,230,53.5
2023-03-13,14454.4501953125,7,18,1.6,204,47.4
2023-03-14,14358.5498046875,4,31,0.9,204,47.4
2023-03-15,14320.2998046875,6,18,1.4,199,46.3
2023-03-16,14330.349609375,3,35,0.7,194,45.1
2023-03-17,14420.849609375,5,14,1.2,197,45.8
2023-03-20,14317.099609375,5,26,1.2,185,43.0
2023-03-21,14411.2998046875,4,7,0.9,183,42.6
2023-03-22,14460.0,2,7,0.5,189,44.0
2023-03-23,14403.599609375,3,9,0.7,193,44.9
2023-03-24,14279.0,4,23,0.9,186,43.3
2023-03-27,14262.7001953125,5,35,1.2,178,41.4
2023-03-28,14211.7998046875,2,40,0.5,174,40.5
2023-03-29,14345.599609375,7,21,1.6,188,43.7
2023-03-31,14557.849609375,15,2,3.5,201,46.7
2023-04-03,14601.9501953125,17,0,4.0,203,47.2
2023-04-05,14709.400390625,18,1,4.2,217,50.5
2023-04-06,14759.2001953125,21,2,4.9,220,51.2
2023-04-10,14790.5498046875,20,2,4.7,225,52.3
2023-04-11,14867.25,16,1,3.7,225,52.3
2023-04-12,14941.5498046875,17,0,4.0,228,53.0
2023-04-13,14954.25,15,0,3.5,233,54.2
2023-04-17,14904.2998046875,21,3,4.9,234,54.4
2023-04-18,14897.0,13,0,3.0,238,55.3
2023-04-19,14856.900390625,13,1,3.0,239,55.6
2023-04-20,14861.75,10,1,2.3,238,55.3
2023-04-21,14847.099609375,12,2,2.8,234,54.4
2023-04-24,14930.150390625,14,4,3.3,237,55.1
2023-04-25,14955.7001953125,16,5,3.7,240,55.8
2023-04-26,14994.400390625,12,6,2.8,244,56.7
2023-04-27,15075.0498046875,20,2,4.7,249,57.9
2023-04-28,15219.5498046875,25,3,5.8,260,60.5
2023-05-02,15300.75,46,3,10.7,266,61.9
2023-05-03,15276.400390625,33,1,7.7,263,61.2
2023-05-04,15405.5,27,0,6.3,276,64.2
2023-05-05,15278.599609375,26,0,6.0,270,62.8
2023-05-08,15427.099609375,37,2,8.6,281,65.3
2023-05-09,15420.599609375,29,1,6.7,285,66.1
2023-05-10,15466.0498046875,17,1,3.9,281,65.2
2023-05-11,15484.0498046875,23,0,5.3,288,66.8
2023-05-12,15477.349609375,30,0,7.0,286,66.4
2023-05-15,15549.7001953125,28,3,6.5,292,67.7
2023-05-16,15492.400390625,33,2,7.7,290,67.3
2023-05-17,15426.349609375,24,3,5.6,289,67.1
2023-05-18,15361.599609375,28,2,6.5,282,65.4
2023-05-19,15407.5498046875,16,4,3.7,282,65.4
2023-05-22,15504.0,19,4,4.4,288,66.8
2023-05-23,15544.75,30,2,7.0,298,69.1
2023-05-24,15515.9501953125,29,2,6.7,295,68.4
2023-05-25,15555.25,32,0,7.4,295,68.4
2023-05-26,15696.75,37,4,8.6,301,69.8
2023-05-29,15772.349609375,37,0,8.6,310,71.9
2023-05-30,15799.4501953125,36,0,8.4,308,71.5
2023-05-31,15766.400390625,57,0,13.2,310,71.9
2023-06-01,15760.349609375,42,0,9.7,313,72.6
2023-06-02,15811.2001953125,50,0,11.6,317,73.5
2023-06-05,15859.5,48,0,11.1,324,75.2
2023-06-06,15878.400390625,44,0,10.2,325,75.4
2023-06-07,16006.7001953125,64,0,14.8,335,77.7
2023-06-08,15921.0498046875,46,0,10.7,331,76.8
2023-06-09,15877.400390625,35,2,8.1,326,75.5
2023-06-12,15929.099609375,40,1,9.3,329,76.2
2023-06-13,16048.2001953125,59,0,13.7,338,78.2
2023-06-14,16084.0498046875,60,0,13.9,337,78.0
2023-06-15,16058.25,57,0,13.2,332,76.9
2023-06-16,16181.4501953125,51,0,11.8,339,78.5
2023-06-19,16142.150390625,54,0,12.5,340,78.7
2023-06-20,16199.9501953125,41,1,9.5,347,80.3
2023-06-21,16240.9501953125,64,0,14.8,350,81.0
2023-06-22,16140.7998046875,24,0,5.6,348,80.6
2023-06-23,16011.7998046875,11,2,2.5,338,78.2
2023-06-26,16066.150390625,13,1,3.0,342,79.2
2023-06-27,16163.5,29,0,6.7,345,79.9
2023-06-28,16277.2001953125,47,0,10.9,347,80.3
2023-06-30,16430.0,51,0,11.8,353,81.7
2023-07-03,16527.94921875,57,0,13.2,360,83.3
2023-07-04,16556.05078125,35,0,8.1,361,83.6
2023-07-05,16597.19921875,49,0,11.3,364,84.3
2023-07-06,16695.05078125,63,1,14.6,366,84.7
2023-07-07,16564.900390625,51,1,11.8,365,84.5
2023-07-10,16553.75,32,1,7.4,359,83.1
2023-07-11,16648.0,47,2,10.9,362,83.8
2023-07-12,16641.05078125,64,0,14.8,363,84.0
2023-07-13,16623.900390625,61,2,14.1,359,83.1
2023-07-14,16765.44921875,49,0,11.3,369,85.4
2023-07-17,16872.05078125,75,0,17.3,373,86.1
2023-07-18,16872.0,49,1,11.3,369,85.2
2023-07-19,16953.5,54,0,12.5,372,85.9
2023-07-20,17042.55078125,53,0,12.2,371,85.7
2023-07-21,16904.30078125,45,1,10.4,370,85.5
2023-07-24,16865.150390625,69,0,15.9,371,85.7
2023-07-25,16896.900390625,70,2,16.2,372,85.9
2023-07-26,16975.0,64,0,14.8,374,86.4
2023-07-27,16919.19921875,71,0,16.4,376,86.6
2023-07-28,16948.349609375,61,1,14.1,382,88.0
2023-07-31,17059.0,84,2,19.4,382,88.0
2023-08-01,17051.150390625,79,1,18.2,386,88.9
2023-08-02,16858.94921875,25,1,5.8,382,88.0
2023-08-03,16772.30078125,26,2,6.0,383,88.2
2023-08-04,16890.599609375,45,0,10.4,386,88.9
2023-08-07,16956.349609375,44,0,10.1,390,89.9
2023-08-08,16949.25,48,0,11.1,385,88.7
2023-08-09,17003.849609375,48,0,11.1,392,90.3
2023-08-10,16939.849609375,53,1,12.2,391,90.1
2023-08-11,16860.150390625,51,0,11.8,390,89.9
2023-08-14,16825.55078125,27,2,6.2,382,88.0
2023-08-16,16853.05078125,37,1,8.5,378,86.9
2023-08-17,16802.25,44,1,10.1,381,87.6
2023-08-18,16757.69921875,30,2,6.9,378,86.7
2023-08-21,16852.05078125,33,2,7.6,379,86.7
2023-08-22,16905.25,49,2,11.2,387,88.6
2023-08-23,16950.25,58,1,13.3,391,89.5
2023-08-24,16930.150390625,57,1,13.0,391,89.5
2023-08-25,16820.849609375,27,1,6.2,388,88.8
2023-08-28,16875.30078125,29,0,6.6,390,89.2
2023-08-29,16927.30078125,30,0,6.9,392,89.7
2023-08-30,16968.94921875,34,0,7.8,400,91.5
2023-08-31,16924.30078125,56,0,12.8,394,90.2
2023-09-01,17074.55078125,80,0,18.3,398,91.1
2023-09-04,17180.94921875,95,0,21.7,402,92.0
2023-09-05,17252.099609375,84,0,19.2,405,92.7
2023-09-06,17284.599609375,50,0,11.4,409,93.6
2023-09-07,17385.5,50,0,11.4,410,93.8
2023-09-08,17487.44921875,75,0,17.2,413,94.5
2023-09-11,17653.349609375,89,0,20.4,416,95.2
2023-09-12,17460.55078125,47,0,10.8,409,93.6
2023-09-13,17526.75,19,0,4.3,410,93.8
2023-09-14,17603.5,48,0,11.0,412,94.3
2023-09-15,17665.80078125,53,0,12.1,415,95.0
2023-09-18,17613.599609375,39,0,8.9,413,94.5
2023-09-20,17449.349609375,24,0,5.5,409,93.4
2023-09-21,17303.5,11,0,2.5,405,92.5
2023-09-22,17260.80078125,10,0,2.3,401,91.6
2023-09-25,17272.55078125,18,0,4.1,401,91.6
2023-09-26,17276.75,16,0,3.6,400,91.1
2023-09-27,17341.599609375,23,1,5.2,407,92.5
2023-09-28,17170.44921875,27,1,6.1,395,89.8
2023-09-29,17292.599609375,23,3,5.2,402,91.4
2023-10-03,17254.400390625,37,1,8.4,401,90.9
2023-10-04,17123.099609375,18,3,4.1,400,90.7
2023-10-05,17195.80078125,23,3,5.2,402,91.2
2023-10-06,17293.599609375,28,0,6.3,402,91.2
2023-10-09,17127.69921875,19,1,4.3,394,89.3
2023-10-10,17303.349609375,29,0,6.6,399,90.5
2023-10-11,17407.349609375,40,0,9.1,407,92.3
2023-10-12,17419.69921875,38,0,8.6,407,92.3
2023-10-13,17390.349609375,30,0,6.8,405,91.8
2023-10-16,17393.0,42,0,9.5,405,91.8
2023-10-17,17467.69921875,42,0,9.5,407,92.3
2023-10-18,17344.0,29,0,6.6,402,91.2
2023-10-19,17310.5,21,2,4.8,398,90.2
2023-10-20,17208.75,23,1,5.2,391,88.7
2023-10-23,16888.69921875,13,5,2.9,360,81.6
2023-10-25,16760.80078125,5,5,1.1,353,80.0
2023-10-26,16555.44921875,4,9,0.9,344,78.0
2023-10-27,16765.44921875,14,3,3.2,359,81.4
2023-10-30,16826.099609375,7,2,1.6,363,82.3
2023-10-31,16801.099609375,17,2,3.9,360,81.6
2023-11-01,16732.94921875,17,2,3.8,353,79.9
2023-11-02,16890.80078125,24,1,5.4,364,82.4
2023-11-03,17000.94921875,28,2,6.3,370,83.7
2023-11-06,17159.400390625,42,2,9.5,378,85.5
2023-11-07,17187.80078125,40,0,9.0,377,85.1
2023-11-08,17259.69921875,49,1,11.1,378,85.3
2023-11-09,17218.900390625,44,2,9.9,376,84.9
2023-11-10,17256.599609375,36,2,8.1,375,84.7
2023-11-13,17318.599609375,57,0,12.9,376,84.9
2023-11-15,17508.05078125,68,0,15.3,384,86.7
2023-11-16,17593.099609375,67,0,15.1,387,87.4
2023-11-17,17600.5,75,0,16.9,394,88.9
2023-11-20,17573.650390625,66,1,14.9,395,89.2
2023-11-21,17627.599609375,52,0,11.7,396,89.4
2023-11-22,17627.69921875,43,0,9.7,393,88.7
2023-11-23,17639.400390625,27,0,6.1,394,88.9
2023-11-24,17643.5,31,0,7.0,392,88.5
2023-11-28,17741.80078125,40,0,9.0,396,89.4
2023-11-29,17904.099609375,53,0,11.9,399,89.9
2023-11-30,17987.94921875,72,1,16.2,401,90.1
2023-12-01,18115.349609375,96,1,21.6,403,90.6
2023-12-04,18448.5,106,2,23.8,414,93.0
2023-12-05,18588.55078125,73,0,16.4,415,93.3
2023-12-06,18680.0,71,0,16.0,418,93.9
2023-12-07,18703.849609375,70,0,15.7,419,94.2
2023-12-08,18703.5,64,0,14.4,417,93.7
2023-12-11,18770.19921875,50,1,11.2,415,93.3
2023-12-12,18686.80078125,63,1,14.2,415,93.3
2023-12-13,18751.44921875,56,0,12.6,417,93.7
2023-12-14,18973.849609375,99,0,22.2,420,94.4
2023-12-15,19145.05078125,99,0,22.2,419,94.2
2023-12-18,19155.55078125,66,0,14.8,422,94.8
2023-12-19,19169.25,61,0,13.7,424,95.3
2023-12-20,18779.44921875,62,0,13.9,414,92.8
2023-12-21,18941.80078125,11,1,2.5,417,93.5
2023-12-22,19054.69921875,40,0,9.0,418,93.7
2023-12-26,19148.849609375,45,0,10.1,419,93.9
2023-12-27,19296.94921875,67,0,15.0,420,94.2
2023-12-28,19399.25,77,0,17.3,420,94.2
2023-12-29,19429.150390625,75,0,16.8,422,94.6
2024-01-02,19418.400390625,81,3,18.2,421,94.4
2024-01-03,19367.150390625,66,0,14.8,421,94.4
2024-01-04,19541.25,96,1,21.5,423,94.8
2024-01-05,19590.599609375,89,1,20.0,422,94.6
2024-01-08,19417.69921875,52,0,11.7,416,93.3
2024-01-09,19459.55078125,57,0,12.8,416,93.3
2024-01-10,19517.849609375,46,0,10.3,412,92.4
2024-01-11,19584.349609375,71,0,15.9,410,91.9
2024-01-12,19745.599609375,70,0,15.7,411,92.2
2024-01-15,19885.55078125,65,0,14.6,410,91.9
2024-01-16,19827.55078125,68,0,15.2,406,90.8
2024-01-17,19487.599609375,28,1,6.3,403,90.2
2024-01-18,19414.80078125,32,2,7.2,399,89.3
2024-01-19,19606.400390625,63,0,14.1,401,89.7
2024-01-23,19206.44921875,88,3,19.7,385,86.1
2024-01-24,19451.0,26,3,5.8,391,87.5
2024-01-25,19393.0,43,1,9.6,388,86.8
2024-01-29,19711.650390625,70,1,15.7,392,87.7
2024-01-30,19574.19921875,81,1,18.1,385,86.1
2024-01-31,19802.099609375,73,2,16.3,388,86.8
2024-02-01,19777.349609375,76,2,17.0,388,86.8
2024-02-02,19910.80078125,94,2,21.0,388,86.8
2024-02-05,19853.5,99,4,22.1,383,85.7
2024-02-06,20033.75,81,4,18.1,384,85.9
2024-02-07,20109.55078125,88,1,19.7,384,85.9
2024-02-08,19987.55078125,86,1,19.2,376,84.1
2024-02-09,19961.5,46,2,10.3,374,83.7
2024-02-12,19675.19921875,36,1,8.1,368,82.3
2024-02-13,19782.900390625,18,3,4.0,370,82.8
2024-02-14,19922.30078125,27,2,6.0,372,83.2
2024-02-15,20037.0,52,2,11.6,372,83.2
2024-02-16,20164.900390625,59,1,13.2,380,85.0
2024-02-20,20271.900390625,61,0,13.6,382,85.5
2024-02-21,20128.30078125,42,0,9.4,381,85.2
2024-02-22,20283.94921875,23,1,5.1,381,85.2
2024-02-23,20313.5,44,0,9.8,383,85.7
2024-02-26,20255.80078125,43,1,9.6,378,84.6
2024-02-27,20292.849609375,46,1,10.3,377,84.3
2024-02-28,20020.400390625,28,5,6.3,367,82.1
2024-02-29,20090.05078125,19,5,4.3,368,82.3
2024-03-01,20349.80078125,32,1,7.2,373,83.4
2024-03-04,20432.05078125,48,1,10.7,373,83.4
2024-03-05,20382.0,37,2,8.3,370,82.8
2024-03-06,20379.55078125,22,7,4.9,359,80.3
2024-03-07,20434.80078125,30,0,6.7,362,81.0
2024-03-11,20288.75,33,4,7.4,353,79.0
2024-03-12,20171.400390625,5,7,1.1,344,77.0
2024-03-13,19646.30078125,4,17,0.9,319,71.4
2024-03-14,19916.349609375,2,12,0.4,331,74.0
2024-03-15,19825.19921875,5,2,1.1,328,73.4
2024-03-18,19843.099609375,7,2,1.6,335,74.9
2024-03-19,19610.55078125,5,8,1.1,326,72.9
2024-03-20,19632.05078125,3,8,0.7,326,72.9
2024-03-21,19897.400390625,6,2,1.3,340,76.1
2024-03-22,19994.599609375,16,1,3.6,344,77.0
2024-03-26,20005.25,25,3,5.6,343,76.7
2024-03-27,20087.80078125,23,2,5.1,345,77.2
2024-03-28,20255.150390625,22,4,4.9,350,78.3
2024-04-01,20492.55078125,43,0,9.6,365,81.7
2024-04-02,20569.75,40,0,8.9,372,83.2
2024-04-03,20605.69921875,42,0,9.4,378,84.6
2024-04-04,20664.650390625,44,0,9.8,377,84.3
2024-04-05,20715.099609375,36,0,8.1,378,84.6
2024-04-08,20819.099609375,53,1,11.9,377,84.3
2024-04-09,20790.69921875,44,0,9.8,377,84.3
2024-04-10,20915.19921875,39,0,8.7,379,84.8
2024-04-12,20745.5,42,1,9.4,381,85.0
2024-04-15,20478.75,15,2,3.3,368,82.1
2024-04-16,20423.0,20,3,4.5,367,81.9
2024-04-18,20324.69921875,37,0,8.3,363,81.0
2024-04-19,20385.19921875,17,2,3.8,362,80.8
2024-04-22,20574.849609375,25,0,5.6,370,82.6
2024-04-23,20652.650390625,39,0,8.7,374,83.3
2024-04-24,20730.650390625,49,0,10.9,376,83.7
2024-04-25,20867.900390625,42,2,9.4,376,83.7
2024-04-26,20839.349609375,51,0,11.4,377,84.0
2024-04-29,20992.19921875,50,0,11.1,379,84.4
2024-04-30,20997.19921875,49,0,10.9,384,85.5
2024-05-02,21083.599609375,47,1,10.5,379,84.4
2024-05-03,20959.55078125,48,1,10.7,376,83.7
2024-05-06,20864.94921875,30,1,6.7,373,83.1
2024-05-07,20636.05078125,15,3,3.3,367,81.7
2024-05-08,20704.900390625,13,3,2.9,366,81.5
2024-05-09,20344.80078125,14,8,3.1,352,78.4
2024-05-10,20469.099609375,11,6,2.4,354,78.8
2024-05-13,20511.0,19,6,4.2,355,78.9
2024-05-14,20683.80078125,25,1,5.6,366,81.3
2024-05-15,20741.849609375,34,0,7.5,369,81.6
2024-05-16,20929.05078125,41,0,9.1,368,81.4
2024-05-17,21064.55078125,50,0,11.1,369,81.6
2024-05-21,21187.650390625,72,2,15.9,368,81.4
2024-05-22,21237.75,50,2,11.1,370,81.9
2024-05-23,21489.55078125,46,0,10.2,372,82.1
2024-05-24,21483.75,44,0,9.7,370,81.7
2024-05-27,21493.0,43,1,9.5,369,81.5
2024-05-28,21387.349609375,20,1,4.4,367,81.0
2024-05-29,21256.30078125,21,2,4.6,362,79.9
2024-05-30,21038.55078125,16,3,3.5,355,78.4
2024-05-31,21103.30078125,23,4,5.1,346,76.4
2024-06-03,21797.400390625,84,0,18.5,360,79.5
2024-06-04,20323.849609375,12,23,2.6,320,70.6
2024-06-05,21054.400390625,29,1,6.4,346,76.4
2024-06-06,21365.0,34,0,7.5,366,80.8
2024-06-07,21764.150390625,42,0,9.3,383,84.5
2024-06-10,21808.25,59,0,13.0,383,84.5
2024-06-11,21852.0,45,0,9.9,388,85.7
2024-06-12,21960.94921875,49,0,10.8,394,87.0
2024-06-13,22074.30078125,59,0,13.0,399,88.1
2024-06-14,22214.30078125,83,0,18.3,401,88.5
2024-06-18,22329.599609375,88,0,19.4,400,88.3
2024-06-19,22224.900390625,48,0,10.6,395,87.2
2024-06-20,22305.099609375,33,0,7.3,402,88.7
2024-06-21,22236.19921875,41,0,9.1,399,88.1
2024-06-24,22289.099609375,42,0,9.3,397,87.6
2024-06-25,22370.650390625,44,0,9.7,396,87.4
2024-06-26,22436.80078125,40,0,8.8,399,88.1
2024-06-27,22537.400390625,41,0,9.1,401,88.5
2024-06-28,22559.69921875,38,0,8.4,402,88.7
2024-07-01,22727.599609375,47,0,10.4,408,90.1
2024-07-02,22677.80078125,47,0,10.4,406,89.4
2024-07-03,22851.19921875,47,0,10.4,407,89.6
2024-07-04,22914.19921875,51,0,11.2,410,90.3
2024-07-05,22987.650390625,60,0,13.2,409,90.1
2024-07-08,22971.150390625,50,0,11.0,407,89.6
2024-07-09,23067.349609375,54,0,11.9,409,90.1
2024-07-10,22977.650390625,35,0,7.7,408,89.7
2024-07-11,23005.25,38,0,8.4,409,89.9
2024-07-12,23095.44921875,40,0,8.8,410,90.1
2024-07-15,23209.849609375,48,0,10.5,409,89.9
2024-07-16,23204.25,41,0,9.0,409,89.9
2024-07-18,23210.05078125,31,0,6.8,410,90.1
2024-07-19,22853.599609375,18,1,4.0,402,88.4
2024-07-22,22942.650390625,12,2,2.6,403,88.6
2024-07-23,22865.19921875,30,2,6.6,401,88.1
2024-07-24,22921.44921875,37,0,8.1,406,89.2
2024-07-25,22917.25,34,0,7.5,406,89.2
2024-07-26,23292.05078125,57,0,12.5,411,90.3
2024-07-29,23394.19921875,63,0,13.8,412,90.5
2024-07-30,23440.900390625,56,0,12.3,418,91.9
2024-07-31,23530.80078125,61,0,13.4,416,91.4
2024-08-01,23506.599609375,58,0,12.7,413,90.8
2024-08-02,23259.44921875,35,0,7.7,413,90.8
2024-08-05,22542.44921875,8,2,1.8,399,87.7
2024-08-06,22443.30078125,18,0,4.0,392,86.2
2024-08-07,22848.900390625,26,1,5.7,402,88.4
2024-08-08,22705.69921875,41,0,9.0,394,86.6
2024-08-09,22923.5,32,0,7.0,399,87.5
2024-08-12,22915.849609375,32,0,7.0,395,86.6
2024-08-13,22705.80078125,28,1,6.1,382,83.6
2024-08-14,22672.650390625,10,4,2.2,379,82.9
2024-08-16,23056.5,29,1,6.3,390,85.3
2024-08-19,23139.75,40,0,8.8,394,86.2
2024-08-20,23280.349609375,41,1,9.0,397,86.9
2024-08-21,23368.650390625,47,1,10.3,405,88.6
2024-08-22,23440.69921875,45,0,9.8,409,89.5
2024-08-23,23418.650390625,45,0,9.8,402,88.0
2024-08-26,23561.75,54,1,11.8,405,88.6
2024-08-27,23604.849609375,48,0,10.5,406,88.8
2024-08-28,23615.94921875,39,0,8.5,404,88.4
2024-08-29,23631.400390625,30,0,6.6,402,88.0
2024-08-30,23734.55078125,55,0,12.0,404,88.4
2024-09-02,23760.69921875,57,0,12.5,405,88.6
2024-09-03,23788.44921875,42,0,9.2,405,88.4
2024-09-04,23748.900390625,36,1,7.9,399,87.1
2024-09-05,23762.80078125,52,0,11.4,404,88.2
2024-09-06,23477.69921875,36,0,7.9,395,86.2
2024-09-09,23502.150390625,16,1,3.5,391,85.4
2024-09-10,23643.650390625,37,0,8.1,395,86.2
2024-09-11,23531.25,41,0,9.0,390,85.2
2024-09-12,23907.349609375,50,0,10.9,393,85.8
2024-09-13,23928.19921875,64,0,14.0,403,88.0
2024-09-16,23968.19921875,55,0,12.0,401,87.4
2024-09-17,23969.900390625,49,0,10.7,396,86.3
2024-09-18,23898.650390625,34,0,7.4,392,85.4
2024-09-19,23853.94921875,27,0,5.9,383,83.4
2024-09-20,24193.80078125,41,0,8.9,391,85.2
2024-09-23,24379.19921875,54,0,11.8,396,86.3
2024-09-24,24389.69921875,48,0,10.5,398,86.7
2024-09-25,24371.25,30,0,6.5,396,86.3
2024-09-26,24496.900390625,35,1,7.6,396,86.3
2024-09-27,24489.55078125,47,0,10.2,399,86.9
2024-09-30,24245.19921875,24,0,5.2,396,86.3
2024-10-01,24271.30078125,23,1,5.0,395,86.1
2024-10-03,23755.44921875,18,1,3.9,378,82.4
2024-10-04,23534.94921875,7,3,1.5,367,80.0
2024-10-07,23181.94921875,6,7,1.3,335,73.0
2024-10-08,23512.55078125,7,3,1.5,357,77.8
2024-10-09,23599.599609375,25,0,5.4,359,78.2
2024-10-10,23598.150390625,20,1,4.4,361,78.6
2024-10-11,23611.25,17,1,3.7,361,78.6
2024-10-14,23727.05078125,22,1,4.8,359,78.2
2024-10-15,23735.69921875,30,0,6.5,362,78.9
2024-10-16,23673.150390625,24,1,5.2,360,78.4
2024-10-17,23377.0,11,0,2.4,350,76.3
2024-10-18,23440.69921875,8,3,1.7,349,76.0
2024-10-21,23263.25,13,6,2.8,332,72.3
2024-10-22,22814.44921875,3,8,0.7,286,62.2
2024-10-23,22841.099609375,8,9,1.7,291,63.3
2024-10-24,22787.849609375,7,3,1.5,289,62.8
2024-10-25,22499.05078125,7,15,1.5,261,56.7
2024-10-28,22649.94921875,7,6,1.5,275,59.7
2024-10-29,22795.05078125,9,5,2.0,286,62.0
2024-10-30,22749.80078125,10,2,2.2,292,63.3
2024-10-31,22689.349609375,14,0,3.0,290,62.9
2024-11-01,22823.55078125,15,0,3.3,301,65.3
2024-11-04,22518.30078125,14,1,3.0,276,59.7
2024-11-05,22679.849609375,14,2,3.0,290,62.8
2024-11-06,23031.19921875,23,1,5.0,309,66.9
2024-11-07,22806.25,25,0,5.4,299,64.7
2024-11-08,22645.650390625,16,3,3.5,283,61.3
2024-11-11,22591.400390625,9,6,1.9,272,58.9
2024-11-12,22331.05078125,6,5,1.3,255,55.1
2024-11-13,21914.94921875,0,15,0.0,222,47.7
2024-11-14,21963.099609375,3,8,0.6,227,48.7
2024-11-18,21899.400390625,1,16,0.2,221,47.4
2024-11-19,22004.349609375,12,5,2.6,232,49.8
2024-11-21,21820.849609375,5,17,1.1,211,45.3
2024-11-22,22225.55078125,14,13,3.0,228,48.9
2024-11-25,22553.5,18,2,3.9,254,54.5
2024-11-26,22562.44921875,13,2,2.8,255,54.7
2024-11-27,22691.69921875,13,3,2.8,262,56.1
2024-11-28,22514.349609375,18,0,3.9,261,55.9
2024-11-29,22687.0,13,1,2.8,270,57.8
2024-12-02,22835.849609375,23,1,4.9,271,58.0
2024-12-03,23020.849609375,21,1,4.5,288,61.7
2024-12-04,23099.5,29,1,6.2,291,62.3
2024-12-05,23277.94921875,33,0,7.1,300,64.2
2024-12-06,23312.099609375,22,0,4.7,296,63.4
2024-12-09,23292.0,29,1,6.2,302,64.7
2024-12-10,23314.900390625,23,2,4.9,302,64.7
2024-12-11,23358.150390625,21,1,4.5,308,66.0
2024-12-12,23256.400390625,27,2,5.8,296,63.4
2024-12-13,23358.94921875,14,3,3.0,288,61.7
2024-12-16,23352.44921875,34,1,7.3,294,63.0
2024-12-17,23095.75,30,4,6.4,282,60.4
2024-12-18,22934.400390625,18,8,3.8,273,58.2
2024-12-19,22752.150390625,14,11,3.0,265,56.4
2024-12-20,22319.400390625,18,10,3.8,236,50.2
2024-12-23,22412.30078125,8,5,1.7,237,50.4
2024-12-24,22402.69921875,7,3,1.5,236,50.2
2024-12-26,22430.349609375,10,4,2.1,230,48.9
2024-12-27,22445.19921875,4,2,0.9,231,49.1
2024-12-30,22357.150390625,18,5,3.8,221,46.9
2024-12-31,22375.400390625,9,4,1.9,229,48.6
2025-01-02,22819.75,24,1,5.1,247,52.4
2025-01-03,22708.150390625,28,1,5.9,252,53.5
2025-01-06,22225.400390625,16,13,3.4,212,45.0
2025-01-07,22341.650390625,13,8,2.8,226,48.0
2025-01-08,22231.80078125,9,8,1.9,214,45.4
2025-01-09,22046.55078125,5,5,1.1,210,44.6
2025-01-10,21799.0,3,20,0.6,183,38.9
2025-01-13,21243.44921875,3,51,0.6,145,30.8
2025-01-14,21481.05078125,0,11,0.0,160,34.0
2025-01-15,21551.19921875,1,3,0.2,161,34.2
2025-01-16,21714.55078125,2,1,0.4,168,35.7
2025-01-17,21680.25,1,3,0.2,173,36.7
2025-01-20,21809.0,2,7,0.4,178,37.8
2025-01-21,21433.19921875,1,8,0.2,160,34.0
2025-01-22,21396.55078125,2,20,0.4,145,30.8
2025-01-23,21538.05078125,2,4,0.4,156,33.1
2025-01-24,21318.900390625,0,16,0.0,139,29.4
2025-01-27,20910.94921875,1,51,0.2,112,23.7
2025-01-28,20924.75,0,48,0.0,101,21.4
2025-01-29,21245.5,2,11,0.4,131,27.7
2025-01-30,21297.5,6,3,1.3,133,28.1
2025-01-31,21580.900390625,4,6,0.8,148,31.3
2025-02-03,21402.55078125,12,11,2.5,145,30.7
2025-02-04,21727.44921875,9,3,1.9,150,31.7
2025-02-05,21784.25,10,3,2.1,158,33.4
2025-02-06,21672.44921875,7,3,1.5,160,33.8
2025-02-07,21646.150390625,4,6,0.8,159,33.6
2025-02-10,21371.30078125,3,8,0.6,135,28.5
2025-02-11,20950.44921875,1,43,0.2,103,21.8
2025-02-12,20907.849609375,0,75,0.0,106,22.4
2025-02-13,20904.349609375,4,11,0.8,98,20.7
2025-02-14,20633.099609375,1,72,0.2,84,17.8
2025-02-17,20652.349609375,1,88,0.2,81,17.1
2025-02-18,20611.400390625,0,60,0.0,78,16.5
2025-02-19,20731.44921875,3,26,0.6,87,18.4
2025-02-20,20831.099609375,3,3,0.6,92,19.4
2025-02-21,20690.25,4,8,0.8,95,20.0
2025-02-24,20468.44921875,1,27,0.2,81,17.1
2025-02-25,20418.75,1,22,0.2,88,18.6
2025-02-27,20315.55078125,3,52,0.6,75,15.8
2025-02-28,19880.900390625,0,112,0.0,59,12.4
2025-03-03,19896.94921875,2,114,0.4,61,12.9
2025-03-04,19917.849609375,2,41,0.4,61,12.9
2025-03-05,20256.5,1,8,0.2,71,15.0
2025-03-06,20447.099609375,1,1,0.2,80,16.9
2025-03-07,20443.400390625,0,0,0.0,83,17.5
2025-03-10,20266.5,1,6,0.2,70,14.8
2025-03-11,20302.5,1,14,0.2,70,14.8
2025-03-12,20264.349609375,3,19,0.6,70,14.8
2025-03-13,20176.05078125,1,14,0.2,68,14.3
2025-03-17,20288.30078125,4,24,0.8,68,14.3
2025-03-18,20657.19921875,1,0,0.2,68,14.3
2025-03-19,20864.5,11,1,2.3,93,19.6
2025-03-20,21070.05078125,7,1,1.5,104,21.9
2025-03-21,21273.900390625,11,0,2.3,118,24.9
2025-03-24,21538.099609375,13,1,2.7,129,27.2
2025-03-25,21437.75,6,3,1.3,123,25.9
2025-03-26,21275.44921875,3,2,0.6,109,23.0
2025-03-27,21407.94921875,3,3,0.6,123,25.9
2025-03-28,21339.55078125,7,3,1.5,123,25.9
2025-04-01,21070.75,4,8,0.8,111,23.4
2025-04-02,21265.650390625,3,9,0.6,116,24.5
2025-04-03,21243.400390625,2,7,0.4,127,26.8
2025-04-04,20805.349609375,1,20,0.2,109,23.0
2025-04-07,20105.69921875,0,107,0.0,80,16.9
2025-04-08,20480.80078125,1,0,0.2,94,19.8
2025-04-09,20356.75,3,3,0.6,88,18.6
2025-04-11,20752.849609375,2,0,0.4,106,22.4
2025-04-15,21279.400390625,11,0,2.3,137,28.9
2025-04-16,21404.349609375,11,0,2.3,150,31.6
2025-04-17,21681.55078125,12,0,2.5,160,33.8
2025-04-21,22005.75,18,0,3.8,174,36.7
2025-04-22,22085.150390625,16,0,3.4,180,38.0
2025-04-23,22237.599609375,10,0,2.1,187,39.5
2025-04-24,22180.650390625,14,0,3.0,182,38.4
2025-04-25,21848.150390625,9,0,1.9,162,34.2
2025-04-28,22101.849609375,5,1,1.1,165,34.8
2025-04-29,22112.400390625,7,0,1.5,169,35.7
2025-04-30,22030.05078125,4,0,0.8,158,33.3
2025-05-02,22006.0,7,2,1.5,148,31.2
2025-05-05,22195.150390625,7,0,1.5,164,34.6
2025-05-06,21956.599609375,6,0,1.3,150,31.6
2025-05-07,22072.44921875,9,3,1.9,160,33.7
2025-05-08,21843.05078125,11,4,2.3,145,30.5
2025-05-09,21675.55078125,2,7,0.4,135,28.4
2025-05-12,22511.400390625,15,0,3.2,184,38.7
2025-05-13,22349.400390625,12,1,2.5,190,40.0
2025-05-14,22499.5,21,0,4.4,202,42.5
2025-05-15,22788.80078125,16,0,3.4,216,45.5
2025-05-16,22870.900390625,14,0,2.9,228,48.0
2025-05-19,22865.80078125,14,0,2.9,238,50.1
2025-05-20,22585.599609375,7,1,1.5,223,46.9
2025-05-21,22730.650390625,9,0,1.9,235,49.5
2025-05-22,22595.0,9,1,1.9,233,49.1
2025-05-23,22781.05078125,13,1,2.7,239,50.3
2025-05-26,22908.30078125,16,1,3.4,248,52.2
2025-05-27,22816.5,7,0,1.5,252,53.1
2025-05-28,22779.400390625,17,0,3.6,248,52.1
2025-05-29,22861.349609375,14,1,2.9,259,54.4
2025-05-30,22801.94921875,20,2,4.2,246,51.7
2025-06-02,22834.5,18,2,3.8,253,52.9
2025-06-03,22711.30078125,15,0,3.1,249,52.1
2025-06-04,22807.849609375,19,2,4.0,252,52.7
2025-06-05,22934.5,23,0,4.8,269,56.3
2025-06-06,23165.099609375,25,0,5.2,275,57.5
2025-06-09,23330.55078125,28,0,5.9,302,63.2
2025-06-10,23339.94921875,26,0,5.4,305,63.8
2025-06-11,23337.849609375,18,0,3.8,310,64.9
2025-06-12,23046.44921875,14,0,2.9,285,59.6
2025-06-13,22906.19921875,7,3,1.5,272,56.9
2025-06-16,23095.05078125,13,1,2.7,289,60.5
2025-06-17,22981.5,12,0,2.5,278,58.2
2025-06-18,22925.19921875,8,0,1.7,270,56.5
2025-06-19,22763.5,3,3,0.6,243,50.7
2025-06-20,23041.099609375,9,1,1.9,251,52.4
2025-06-23,23001.5,10,2,2.1,261,54.5
2025-06-24,23113.19921875,13,0,2.7,273,56.9
2025-06-25,23296.849609375,16,1,3.3,288,60.0
2025-06-26,23517.55078125,26,2,5.4,295,61.5
2025-06-27,23620.150390625,35,1,7.3,298,62.1
2025-06-30,23617.19921875,32,0,6.7,306,63.7
2025-07-01,23615.44921875,27,1,5.6,298,62.1
2025-07-02,23547.25,18,1,3.7,299,62.2
2025-07-03,23521.849609375,18,1,3.7,302,62.8
2025-07-04,23562.44921875,13,0,2.7,309,64.2
2025-07-07,23551.19921875,9,0,1.9,303,63.0
2025-07-08,23572.55078125,13,0,2.7,308,64.0
2025-07-09,23557.44921875,14,1,2.9,319,66.3
2025-07-10,23471.400390625,15,1,3.1,313,65.1
2025-07-11,23282.69921875,16,1,3.3,305,63.4
2025-07-14,23309.05078125,13,1,2.7,304,63.1
2025-07-15,23449.150390625,19,2,3.9,322,66.8
2025-07-16,23472.5,21,2,4.4,327,67.8
2025-07-17,23419.69921875,20,1,4.1,334,69.3
2025-07-18,23275.150390625,21,2,4.4,322,66.8
2025-07-21,23378.44921875,19,1,3.9,323,66.9
2025-07-22,23320.900390625,21,2,4.3,322,66.7
2025-07-23,23428.400390625,21,2,4.3,322,66.7
2025-07-24,23301.099609375,22,4,4.6,327,67.7
2025-07-25,23014.80078125,8,4,1.7,300,62.1
2025-07-28,22846.94921875,11,4,2.3,282,58.4
2025-07-29,23007.349609375,11,6,2.3,297,61.5
2025-07-30,23033.55078125,22,0,4.6,293,60.7
2025-07-31,22914.94921875,17,3,3.5,282,58.4
2025-08-01,22673.650390625,14,3,2.9,262,54.2
2025-08-04,22860.400390625,13,7,2.7,274,56.7
2025-08-05,22798.5,16,2,3.3,280,57.9
2025-08-06,22666.849609375,6,3,1.2,266,55.0
2025-08-07,22694.099609375,7,4,1.4,273,56.4
2025-08-08,22443.150390625,8,3,1.7,255,52.7
2025-08-11,22633.44921875,6,5,1.2,258,53.3
2025-08-12,22568.599609375,7,1,1.4,262,54.1
2025-08-13,22698.099609375,14,4,2.9,272,56.2
2025-08-14,22680.25,15,5,3.1,266,54.8
2025-08-18,22931.5,28,2,5.8,286,59.0
2025-08-19,23066.599609375,24,0,4.9,299,61.6
2025-08-20,23143.150390625,25,0,5.2,306,63.1
2025-08-21,23137.150390625,23,1,4.7,299,61.6
2025-08-22,22991.30078125,16,1,3.3,293,60.4
2025-08-25,23052.0,15,1,3.1,299,61.6
2025-08-26,22768.650390625,11,4,2.3,271,55.9
2025-08-28,22541.650390625,9,6,1.9,254,52.4
2025-08-29,22462.94921875,8,5,1.6,246,50.7
2025-09-01,22713.55078125,13,4,2.7,271,55.9
2025-09-02,22724.400390625,9,2,1.9,281,57.9
2025-09-03,22864.650390625,20,2,4.1,292,60.2
2025-09-04,22819.650390625,24,0,4.9,284,58.6
2025-09-05,22829.150390625,16,0,3.3,279,57.5
2025-09-08,22878.650390625,22,1,4.5,286,59.0
2025-09-09,22949.099609375,15,1,3.1,290,59.8
2025-09-10,23074.150390625,9,0,1.9,301,62.1
2025-09-11,23102.650390625,6,1,1.2,307,63.3
2025-09-12,23190.25,12,0,2.5,312,64.3
2025-09-15,23215.849609375,17,1,3.5,328,67.6
2025-09-16,23369.30078125,22,0,4.5,340,70.1
2025-09-17,23445.19921875,16,0,3.3,344,70.8
2025-09-18,23518.900390625,18,0,3.7,343,70.6
2025-09-19,23486.650390625,18,0,3.7,346,71.2
2025-09-22,23381.44921875,18,1,3.7,331,68.1
2025-09-23,23325.25,17,2,3.5,329,67.7
2025-09-24,23178.25,18,0,3.7,312,64.2
2025-09-25,23022.400390625,6,7,1.2,303,62.3
2025-09-26,22713.150390625,4,8,0.8,269,55.3
2025-09-29,22739.099609375,6,2,1.2,274,56.4
2025-09-30,22734.099609375,8,3,1.6,277,57.0
2025-10-01,22928.30078125,11,2,2.3,295,60.7
2025-10-03,23027.69921875,18,1,3.7,304,62.6
2025-10-06,23169.650390625,16,3,3.3,307,63.0
2025-10-07,23209.5,12,1,2.5,316,64.9
2025-10-08,23109.349609375,9,5,1.8,304,62.4
2025-10-09,23241.75,11,6,2.3,306,62.8
2025-10-10,23337.55078125,12,2,2.5,313,64.3
2025-10-13,23294.80078125,12,3,2.5,306,62.7
2025-10-14,23184.05078125,9,5,1.8,299,61.1
2025-10-15,23377.349609375,10,0,2.0,309,63.2
2025-10-16,23563.80078125,19,0,3.9,319,65.2
2025-10-17,23598.05078125,17,3,3.5,318,64.9
2025-10-20,23716.099609375,31,2,6.3,320,65.3
2025-10-21,23759.19921875,19,0,3.9,322,65.7
2025-10-23,23755.900390625,35,0,7.1,328,66.9
2025-10-24,23686.599609375,14,4,2.9,322,65.7
2025-10-27,23840.900390625,27,2,5.5,328,66.9
2025-10-28,23812.55078125,28,0,5.7,327,66.7
2025-10-29,23952.400390625,27,1,5.5,344,70.2
2025-10-30,23841.30078125,20,2,4.1,339,69.2
2025-10-31,23710.400390625,25,4,5.1,325,66.3
2025-11-03,23810.69921875,32,5,6.5,337,68.8
2025-11-04,23675.44921875,21,5,4.3,321,65.5
2025-11-06,23513.150390625,13,11,2.7,295,60.2
2025-11-07,23521.5,16,14,3.3,294,59.9
2025-11-10,23596.900390625,25,13,5.1,296,60.2
2025-11-11,23682.650390625,20,7,4.1,299,60.8
2025-11-12,23836.900390625,27,2,5.5,307,62.1
2025-11-13,23816.0,24,5,4.9,300,60.7
2025-11-14,23836.349609375,13,5,2.6,303,61.2
2025-11-17,23954.55078125,30,5,6.1,313,63.2
2025-11-18,23824.650390625,21,6,4.2,304,61.2
2025-11-19,23906.30078125,17,9,3.4,304,61.0
2025-11-20,23975.44921875,19,7,3.8,302,60.6
2025-11-21,23790.25,7,11,1.4,275,55.2
2025-11-24,23674.55078125,12,20,2.4,264,53.0
2025-11-25,23655.05078125,9,14,1.8,263,52.8
2025-11-26,23955.19921875,19,4,3.8,280,56.2
2025-11-27,23947.75,19,2,3.8,277,55.6
2025-11-28,23933.19921875,14,5,2.8,275,55.2
2025-12-01,23922.44921875,25,13,5.0,275,55.2
2025-12-02,23822.25,17,15,3.4,275,55.2
2025-12-03,23716.30078125,7,21,1.4,267,53.6
2025-12-04,23741.099609375,8,16,1.6,266,53.4
2025-12-05,23835.25,6,20,1.2,262,52.6
2025-12-08,23526.19921875,6,36,1.2,238,47.8
2025-12-09,23516.25,5,39,1.0,242,48.6
2025-12-10,23408.80078125,6,6,1.2,239,47.9
2025-12-11,23550.849609375,4,11,0.8,241,48.3
2025-12-12,23726.19921875,12,4,2.4,253,50.7
2025-12-15,23725.19921875,9,5,1.8,254,50.9
2025-12-16,23570.150390625,6,13,1.2,245,49.1
2025-12-17,23496.05078125,8,23,1.6,238,47.7
2025-12-18,23491.5,14,27,2.8,236,47.3
2025-12-19,23677.55078125,17,14,3.4,249,49.8
2025-12-22,23867.650390625,30,2,6.0,253,50.6
2025-12-23,23895.150390625,23,1,4.6,254,50.8
2025-12-24,23850.25,26,2,5.2,252,50.4
2025-12-26,23780.25,18,3,3.6,255,51.0
2025-12-29,23682.099609375,15,6,3.0,243,48.6
2025-12-30,23668.80078125,13,7,2.6,236,47.2
2025-12-31,23871.55078125,24,4,4.8,256,51.2
2026-01-02,24099.0,46,7,9.2,273,54.6
2026-01-05,24058.44921875,45,5,9.0,274,54.8
2026-01-06,24010.5,37,12,7.4,268,53.6
2026-01-07,24016.599609375,26,10,5.2,268,53.6
2026-01-08,23680.099609375,9,19,1.8,227,45.4
2026-01-09,23467.349609375,2,24,0.4,211,42.2
2026-01-12,23510.44921875,3,38,0.6,209,41.8
2026-01-13,23480.650390625,7,9,1.4,214,42.8
2026-01-14,23475.849609375,15,17,3.0,210,42.0
2026-01-16,23485.30078125,14,21,2.8,204,40.8
2026-01-19,23373.75,15,37,3.0,193,38.6
2026-01-20,22946.650390625,5,62,1.0,162,32.4
2026-01-21,22835.150390625,2,72,0.4,159,31.8
2026-01-22,23008.75,9,16,1.8,175,35.0
2026-01-23,22706.19921875,10,44,2.0,156,31.2
2026-01-27,22819.25,11,72,2.2,152,30.4
2026-01-28,23082.099609375,19,14,3.8,171,34.2
2026-01-29,23134.80078125,26,17,5.2,170,34.0
2026-01-30,23079.5,10,20,2.0,180,36.0
2026-02-02,22837.0,1,41,0.2,173,34.6
2026-02-03,23446.30078125,28,3,5.6,205,41.0
2026-02-04,23534.94921875,14,4,2.8,211,42.2
2026-02-05,23411.69921875,12,4,2.4,200,40.0
2026-02-06,23434.0,8,10,1.6,204,40.8
2026-02-09,23683.400390625,28,2,5.6,221,44.2
2026-02-10,23753.75,23,2,4.6,226,45.2
2026-02-11,23783.05078125,25,4,5.0,232,46.4
2026-02-12,23651.55078125,24,13,4.8,227,45.4
2026-02-13,23313.150390625,6,26,1.2,205,41.0
2026-02-16,23472.44921875,11,16,2.2,205,41.0
2026-02-17,23540.05078125,15,9,3.0,210,42.0
2026-02-18,23645.80078125,20,3,4.0,219,43.8
2026-02-19,23297.44921875,17,11,3.4,199,39.8
2026-02-20,23395.0,8,20,1.6,200,40.0
2026-02-23,23484.94921875,24,19,4.8,206,41.2
2026-02-24,23304.599609375,21,32,4.2,199,39.8
2026-02-25,23403.80078125,36,17,7.2,213,42.6
2026-02-26,23448.5,31,12,6.2,213,42.6
2026-02-27,23166.849609375,29,23,5.8,195,39.0
2026-03-02,22835.94921875,8,60,1.6,174,34.8
2026-03-04,22409.80078125,5,48,1.0,154,30.8
2026-03-05,22697.80078125,9,22,1.8,171,34.2
2026-03-06,22481.30078125,12,12,2.4,165,33.0
2026-03-09,22056.55078125,0,87,0.0,148,29.6
2026-03-10,22342.94921875,7,9,1.4,158,31.6
2026-03-11,22042.30078125,10,12,2.0,159,31.8
2026-03-12,21897.5,7,49,1.4,156,31.2
2026-03-13,21391.19921875,6,58,1.2,131,26.2
2026-03-16,21498.80078125,2,91,0.4,130,26.0
2026-03-17,21669.30078125,4,20,0.8,139,27.8
2026-03-18,21917.400390625,1,3,0.2,151,30.2
2026-03-19,21225.80078125,0,42,0.0,118,23.6
2026-03-20,21327.900390625,5,24,1.0,127,25.4
2026-03-23,20664.25,0,126,0.0,90,18.0
2026-03-24,21067.0,3,29,0.6,111,22.2
2026-03-25,21478.19921875,8,0,1.6,136,27.2
2026-03-27,21020.150390625,5,34,1.0,114,22.8
2026-03-30,20528.05078125,3,113,0.6,99,19.8
2026-04-01,20935.150390625,7,4,1.4,117,23.4
2026-04-02,20938.349609375,0,41,0.0,111,22.2
2026-04-06,21194.05078125,3,6,0.6,119,23.8
2026-04-07,21296.44921875,3,4,0.6,123,24.6
2026-04-08,22137.099609375,12,0,2.4,162,32.4
2026-04-09,22037.5,14,0,2.8,171,34.2
2026-04-10,22346.75,19,0,3.8,182,36.4
2026-04-13,22179.05078125,16,2,3.2,177,35.4
2026-04-15,22595.55078125,33,0,6.6,200,40.0
2026-04-16,22656.30078125,35,0,7.0,207,41.4
2026-04-17,22869.400390625,38,0,7.6,217,43.4
2026-04-20,22865.80078125,37,0,7.4,217,43.4
2026-04-21,23042.349609375,29,0,5.8,228,45.6
2026-04-22,22991.5,30,1,6.0,236,47.2
2026-04-23,22810.849609375,26,1,5.2,230,46.0
2026-04-24,22570.05078125,16,3,3.2,218,43.6
2026-04-27,22821.400390625,31,0,6.2,232,46.4
2026-04-28,22765.599609375,34,3,6.8,232,46.4
2026-04-29,22871.0,41,1,8.2,232,46.4
2026-04-30,22683.55078125,16,3,3.2,228,45.6
2026-05-04,22830.75,35,2,7.0,239,47.8
2026-05-05,22808.25,24,1,4.8,242,48.4
2026-05-06,23133.400390625,34,1,6.8,264,52.8
2026-05-07,23214.0,40,1,8.0,279,55.8
2026-05-08,23115.650390625,37,1,7.4,276,55.2
2026-05-11,22795.75,25,0,5.0,252,50.4
2026-05-12,22299.900390625,11,8,2.2,214,42.8
2026-05-13,22377.349609375,10,12,2.0,219,43.8
2026-05-14,22613.099609375,21,9,4.2,228,45.6
2026-05-15,22531.150390625,24,5,4.8,228,45.6
2026-05-18,22461.05078125,8,17,1.6,208,41.6
2026-05-19,22521.75,18,4,3.6,215,43.0
2026-05-20,22578.150390625,17,6,3.4,214,42.8
2026-05-21,22602.849609375,23,3,4.6,226,45.2
2026-05-22,22651.30078125,15,3,3.0,230,46.0
2026-05-25,22929.44921875,21,2,4.2,242,48.4
2026-05-26,22897.19921875,20,2,4.0,246,49.2
2026-05-27,22967.400390625,43,4,8.6,250,50.0
2026-05-29,22657.0,42,7,8.4,234,46.8
2026-06-01,22437.94921875,14,11,2.8,221,44.2
2026-06-02,22521.099609375,7,17,1.4,229,45.8
2026-06-03,22451.849609375,16,8,3.2,228,45.6
2026-06-04,22497.69921875,24,8,4.8,232,46.4
2026-06-05,22465.349609375,21,5,4.2,230,46.0
2026-06-08,22173.69921875,12,16,2.4,212,42.4
2026-06-09,22370.150390625,13,9,2.6,229,45.8
2026-06-10,22233.849609375,17,8,3.4,222,44.4
2026-06-11,22114.44921875,6,21,1.2,207,41.4
2026-06-12,22599.80078125,11,4,2.2,240,48.0
2026-06-15,22891.30078125,23,0,4.6,254,50.8
2026-06-16,22997.25,14,0,2.8,260,52.0
2026-06-17,23109.69921875,18,2,3.6,270,54.0
2026-06-18,23206.44921875,27,1,5.4,276,55.2
2026-06-19,23144.19921875,30,5,6.0,278,55.6
2026-06-22,23261.849609375,31,1,6.2,287,57.4
2026-06-23,23010.94921875,22,4,4.4,274,54.8
2026-06-24,23126.30078125,17,2,3.4,277,55.4
2026-06-25,23113.69921875,20,1,4.0,273,54.6
2026-06-29,23000.0,25,12,5.0,257,51.4
2026-06-30,22995.650390625,28,14,5.6,271,54.2
2026-07-01,23111.650390625,32,10,6.4,281,56.2
2026-07-02,23264.80078125,21,2,4.2,292,58.4
2026-07-03,23301.150390625,40,0,8.0,293,58.6
2026-07-06,23433.94921875,38,1,7.6,292,58.4
2026-07-07,23368.849609375,22,0,4.4,291,58.2
2026-07-08,22908.05078125,12,4,2.4,252,50.4
2026-07-09,23081.150390625,14,2,2.8,271,54.2
2026-07-10,23348.400390625,21,0,4.2,284,56.8
2026-07-13,23347.05078125,19,1,3.8,291,58.2
2026-07-14,23199.44921875,15,4,3.0,284,56.8
2026-07-15,23263.900390625,14,4,2.8,291,58.2
2026-07-16,23232.650390625,20,3,4.0,287,57.4
2026-07-17,23336.30078125,9,2,1.8,289,57.8
2026-07-20,23338.05078125,17,1,3.4,289,57.8
2026-07-21,23352.150390625,22,1,4.4,293,58.6
2026-07-22,23145.05078125,16,3,3.2,277,55.4
2026-07-23,22982.400390625,7,6,1.4,264,52.8
2026-07-24,22913.30078125,5,7,1.0,265,53.0
2026-07-27,23153.099609375,16,2,3.2,271,54.2
2026-07-28,23114.900390625,19,6,3.8,270,54.0
2026-07-29,23352.599609375,19,1,3.8,288,57.6
2026-07-30,23353.55078125,23,4,4.6,287,57.4
2026-07-31,23460.69921875,22,1,4.4,294,58.8
2026-08-03,23802.849609375,33,0,6.6,309,61.8
2026-08-04,23690.150390625,19,1,3.8,304,60.8
2026-08-05,23735.55078125,26,0,5.2,302,60.4
2026-08-06,23729.44921875,26,0,5.2,306,61.2
2026-08-07,23712.099609375,20,0,4.0,304,60.8
2026-08-10,23743.19921875,29,2,5.8,307,61.4
2026-08-11,23681.150390625,23,4,4.6,298,59.6
2026-08-12,23672.44921875,21,4,4.2,298,59.6
2026-08-13,23658.099609375,19,0,3.8,305,61.0
